"","01","011","013","017","019","02","021","0211","022","028","03","030","031","032","033","034","036","037","038","04","041","042","043","044","045","047","05","07","09","1","1009","1012","1071","1093","1110","118","1230","124","1241","1253","1273","1279","1296","13","130","131","1326","1328","1329","1330","1331","1333","1334","1335","1336","1337","1338","1339","1340","1341","1342","1343","1344","1345","1346","1347","1348","1421","1424","1446","1451","1457","150","1500","1502","1506","1528","1555","157","1574","1579","1582","1593","16","1602","1604","1661","1675","1692","174","176","1780","18","1823","184","191","205","209","2193","22","222","233","2372","2411","2542","2546","2680","2726","273","2737","2766","2786","28","3","31","33","346","348","35","372","4","427","517","543","555","565","579","61","69","700","713","732","740","752","788","79","791","792","807","826","827","828","829","851","863","892","954","968","979","983","A"
"01",503,460,503,503,421,503,503,491,250,498,502,503,500,465,344,502,455,501,498,335,503,501,472,215,503,464,496,503,500,503,498,503,503,491,503,501,501,503,496,498,501,499,503,503,503,502,496,503,502,501,503,503,455,502,503,481,438,503,500,503,501,503,495,503,499,503,503,407,500,503,493,502,501,478,498,501,503,503,503,446,503,503,502,503,503,498,494,503,503,495,500,493,503,499,496,503,503,503,501,503,495,497,503,492,465,486,502,503,501,503,500,502,503,503,300,350,491,500,503,503,495,490,502,451,503,498,440,503,503,499,503,502,496,503,502,502,503,499,481,503,503,503,503,486,503,502,490,503,500,502,503
"011",460,460,460,460,378,460,460,448,247,455,459,460,457,422,320,459,412,458,455,310,460,458,429,190,460,421,453,460,457,460,455,460,460,448,460,458,458,460,453,455,458,456,460,460,460,460,453,460,459,458,460,460,412,459,460,439,413,460,458,460,458,460,452,460,456,460,460,382,457,460,458,459,458,435,455,459,460,460,460,403,460,460,459,460,460,455,451,460,460,452,458,450,460,456,453,460,460,460,458,460,452,455,460,449,422,443,459,460,460,460,457,459,460,460,257,332,448,457,460,460,452,450,460,408,460,455,407,460,460,456,460,459,453,460,459,459,460,456,454,460,460,460,460,443,460,459,460,460,457,459,460
"013",503,460,503,503,421,503,503,491,250,498,502,503,500,465,344,502,455,501,498,335,503,501,472,215,503,464,496,503,500,503,498,503,503,491,503,501,501,503,496,498,501,499,503,503,503,502,496,503,502,501,503,503,455,502,503,481,438,503,500,503,501,503,495,503,499,503,503,407,500,503,493,502,501,478,498,501,503,503,503,446,503,503,502,503,503,498,494,503,503,495,500,493,503,499,496,503,503,503,501,503,495,497,503,492,465,486,502,503,501,503,500,502,503,503,300,350,491,500,503,503,495,490,502,451,503,498,440,503,503,499,503,502,496,503,502,502,503,499,481,503,503,503,503,486,503,502,490,503,500,502,503
"017",503,460,503,503,421,503,503,491,250,498,502,503,500,465,344,502,455,501,498,335,503,501,472,215,503,464,496,503,500,503,498,503,503,491,503,501,501,503,496,498,501,499,503,503,503,502,496,503,502,501,503,503,455,502,503,481,438,503,500,503,501,503,495,503,499,503,503,407,500,503,493,502,501,478,498,501,503,503,503,446,503,503,502,503,503,498,494,503,503,495,500,493,503,499,496,503,503,503,501,503,495,497,503,492,465,486,502,503,501,503,500,502,503,503,300,350,491,500,503,503,495,490,502,451,503,498,440,503,503,499,503,502,496,503,502,502,503,499,481,503,503,503,503,486,503,502,490,503,500,502,503
"019",421,378,421,421,421,421,421,409,192,416,420,421,419,411,263,420,373,420,416,254,421,421,418,134,421,382,414,421,418,421,416,421,421,409,421,420,419,421,414,416,419,420,421,421,421,420,414,421,420,419,421,421,373,420,421,400,384,421,418,421,419,421,413,421,417,421,421,329,421,421,411,420,419,418,416,420,421,421,421,364,421,421,420,421,421,416,414,421,421,414,420,411,421,417,414,421,421,421,419,421,413,417,421,410,411,404,420,421,419,421,418,421,421,421,270,322,409,418,421,421,413,408,420,369,421,416,361,421,421,417,421,420,414,421,420,420,421,417,399,421,421,421,421,404,421,420,408,421,418,420,421
"02",503,460,503,503,421,503,503,491,250,498,502,503,500,465,344,502,455,501,498,335,503,501,472,215,503,464,496,503,500,503,498,503,503,491,503,501,501,503,496,498,501,499,503,503,503,502,496,503,502,501,503,503,455,502,503,481,438,503,500,503,501,503,495,503,499,503,503,407,500,503,493,502,501,478,498,501,503,503,503,446,503,503,502,503,503,498,494,503,503,495,500,493,503,499,496,503,503,503,501,503,495,497,503,492,465,486,502,503,501,503,500,502,503,503,300,350,491,500,503,503,495,490,502,451,503,498,440,503,503,499,503,502,496,503,502,502,503,499,481,503,503,503,503,486,503,502,490,503,500,502,503
"021",503,460,503,503,421,503,503,491,250,498,502,503,500,465,344,502,455,501,498,335,503,501,472,215,503,464,496,503,500,503,498,503,503,491,503,501,501,503,496,498,501,499,503,503,503,502,496,503,502,501,503,503,455,502,503,481,438,503,500,503,501,503,495,503,499,503,503,407,500,503,493,502,501,478,498,501,503,503,503,446,503,503,502,503,503,498,494,503,503,495,500,493,503,499,496,503,503,503,501,503,495,497,503,492,465,486,502,503,501,503,500,502,503,503,300,350,491,500,503,503,495,490,502,451,503,498,440,503,503,499,503,502,496,503,502,502,503,499,481,503,503,503,503,486,503,502,490,503,500,502,503
"0211",491,448,491,491,409,491,491,491,243,486,490,491,488,453,338,490,443,490,486,330,491,489,460,210,491,452,484,491,488,491,488,491,491,479,491,489,490,491,484,488,489,487,491,491,491,490,484,491,490,489,491,491,443,490,491,471,436,491,488,491,489,491,487,491,488,491,491,402,488,491,481,490,490,466,486,489,491,491,491,434,491,491,490,491,491,486,482,491,491,483,488,481,491,488,484,491,491,491,489,491,483,486,491,480,453,480,490,491,489,491,488,490,491,491,299,339,480,488,491,491,483,479,490,440,491,486,429,491,491,487,491,491,484,491,490,490,491,487,473,491,491,491,491,475,491,490,478,491,488,491,491
"022",250,247,250,250,192,250,250,243,250,249,250,250,247,243,157,249,250,248,246,137,250,250,243,70,250,235,246,250,250,250,245,250,250,238,250,248,250,250,250,249,250,247,250,250,250,250,250,250,250,250,250,250,250,249,250,237,237,250,250,250,250,250,247,250,249,250,250,177,250,250,249,250,250,244,245,249,250,250,250,233,250,250,250,250,250,250,248,250,250,247,249,250,250,247,250,250,250,250,249,250,250,250,250,240,243,233,249,250,250,250,247,250,250,250,99,176,249,250,250,250,250,249,250,203,250,245,241,250,250,246,250,250,250,250,249,249,250,249,250,250,250,250,250,240,250,250,250,250,248,250,250
"028",498,455,498,498,416,498,498,486,249,498,497,498,495,460,342,497,453,496,493,330,498,496,467,215,498,460,491,498,495,498,493,498,498,486,498,496,496,498,491,493,496,494,498,498,498,497,491,498,497,496,498,498,453,497,498,476,433,498,495,498,496,498,490,498,494,498,498,402,495,498,488,497,496,473,493,496,498,498,498,442,498,498,497,498,498,493,489,498,498,490,495,488,498,494,491,498,498,498,496,498,490,492,498,487,460,481,497,498,496,498,495,497,498,498,297,345,486,495,498,498,490,485,497,447,498,493,435,498,498,494,498,497,491,498,497,497,498,494,476,498,498,498,498,482,498,497,485,498,495,497,498
"03",502,459,502,502,420,502,502,490,250,497,502,502,499,464,343,501,454,500,497,334,502,500,471,215,502,464,495,502,499,502,497,502,502,490,502,500,500,502,495,497,500,498,502,502,502,501,495,502,501,500,502,502,454,501,502,480,437,502,500,502,500,502,494,502,498,502,502,406,499,502,492,501,500,477,497,500,502,502,502,446,502,502,501,502,502,497,493,502,502,494,499,492,502,498,495,502,502,502,500,502,494,496,502,491,464,485,501,502,500,502,499,501,502,502,300,349,490,499,502,502,494,489,501,450,502,497,439,502,502,498,502,501,495,502,501,501,502,498,480,502,502,502,502,485,502,501,489,502,499,501,502
"030",503,460,503,503,421,503,503,491,250,498,502,503,500,465,344,502,455,501,498,335,503,501,472,215,503,464,496,503,500,503,498,503,503,491,503,501,501,503,496,498,501,499,503,503,503,502,496,503,502,501,503,503,455,502,503,481,438,503,500,503,501,503,495,503,499,503,503,407,500,503,493,502,501,478,498,501,503,503,503,446,503,503,502,503,503,498,494,503,503,495,500,493,503,499,496,503,503,503,501,503,495,497,503,492,465,486,502,503,501,503,500,502,503,503,300,350,491,500,503,503,495,490,502,451,503,498,440,503,503,499,503,502,496,503,502,502,503,499,481,503,503,503,503,486,503,502,490,503,500,502,503
"031",500,457,500,500,419,500,500,488,247,495,499,500,500,463,343,499,452,498,495,334,500,498,470,214,500,461,493,500,497,500,496,500,500,488,500,498,498,500,493,495,498,496,500,500,500,499,493,500,499,498,500,500,452,499,500,478,436,500,497,500,498,500,492,500,496,500,500,406,497,500,490,499,498,476,495,498,500,500,500,443,500,500,499,500,500,495,491,500,500,492,497,490,500,496,493,500,500,500,498,500,492,494,500,489,463,483,499,500,498,500,497,499,500,500,297,348,488,497,500,500,492,487,499,448,500,495,437,500,500,496,500,499,493,500,499,499,500,496,478,500,500,500,500,483,500,499,487,500,497,499,500
"032",465,422,465,465,411,465,465,453,243,460,464,465,463,465,306,464,417,463,460,297,465,465,465,177,465,426,458,465,462,465,460,465,465,453,465,463,463,465,465,460,463,461,465,465,465,464,465,465,464,463,465,465,417,464,465,450,431,465,462,465,463,465,457,465,461,465,465,369,465,465,455,464,463,465,460,463,465,465,465,408,465,465,464,465,465,460,463,465,465,458,464,455,465,461,465,465,465,465,463,465,457,461,465,454,465,448,464,465,463,465,462,465,465,465,262,319,453,462,465,465,457,452,464,413,465,460,403,465,465,461,465,464,458,465,464,464,465,461,443,465,465,465,465,448,465,464,452,465,462,464,465
"033",344,320,344,344,263,344,344,338,157,342,343,344,343,306,344,343,344,342,339,269,344,342,313,214,344,305,337,344,342,344,344,344,344,332,344,343,342,344,337,340,342,341,344,344,344,344,337,344,343,343,344,344,344,344,344,333,303,344,341,344,342,344,336,344,341,344,344,335,341,344,343,343,342,319,339,342,344,344,344,287,344,344,344,344,344,344,335,344,344,337,341,336,344,340,337,344,344,344,343,344,336,339,344,344,306,333,344,344,342,344,341,343,344,344,147,213,338,341,344,344,336,332,344,292,344,339,328,344,344,340,344,343,344,344,344,344,344,344,338,344,344,344,344,327,344,343,344,344,344,343,344
"034",502,459,502,502,420,502,502,490,249,497,501,502,499,464,343,502,454,500,497,334,502,500,471,214,502,463,495,502,499,502,497,502,502,490,502,500,500,502,495,497,500,498,502,502,502,501,495,502,501,500,502,502,454,501,502,480,437,502,499,502,500,502,494,502,498,502,502,406,499,502,492,501,500,477,497,500,502,502,502,445,502,502,501,502,502,497,493,502,502,494,499,492,502,498,495,502,502,502,500,502,494,496,502,491,464,485,501,502,500,502,499,501,502,502,299,350,490,499,502,502,494,489,501,450,502,497,439,502,502,498,502,501,495,502,501,501,502,498,480,502,502,502,502,485,502,501,489,502,499,501,502
"036",455,412,455,455,373,455,455,443,250,453,454,455,452,417,344,454,455,453,450,287,455,453,424,215,455,416,448,455,453,455,450,455,455,443,455,453,453,455,448,451,453,452,455,455,455,454,448,455,454,454,455,455,455,454,455,433,390,455,452,455,453,455,447,455,451,455,455,359,452,455,445,454,453,430,450,453,455,455,455,398,455,455,455,455,455,455,446,455,455,447,452,447,455,451,448,455,455,455,454,455,447,449,455,445,417,438,454,455,453,455,452,454,455,455,252,312,448,452,455,455,447,442,454,403,455,450,434,455,455,451,455,454,455,455,454,454,455,454,433,455,455,455,455,438,455,454,442,455,453,454,455
"037",501,458,501,501,420,501,501,490,248,496,500,501,498,463,342,500,453,501,496,334,501,499,470,214,501,462,494,501,498,501,496,501,501,489,501,499,499,501,494,497,499,497,501,501,501,500,494,501,500,499,501,501,453,500,501,479,436,501,498,501,499,501,493,501,497,501,501,406,498,501,491,500,499,476,496,499,501,501,501,444,501,501,500,501,501,496,492,501,501,494,498,491,501,497,494,501,501,501,499,501,493,495,501,490,463,484,500,501,499,501,498,500,501,501,300,349,489,498,501,501,493,488,500,450,501,496,438,501,501,497,501,500,494,501,500,500,501,497,479,501,501,501,501,484,501,500,488,501,498,500,501
"038",498,455,498,498,416,498,498,486,246,493,497,498,495,460,339,497,450,496,498,334,498,496,467,215,498,459,495,498,495,498,493,498,498,486,498,496,496,498,491,493,496,494,498,498,498,497,491,498,497,496,498,498,450,497,498,476,433,498,495,498,496,498,491,498,494,498,498,402,495,498,488,497,496,473,493,496,498,498,498,442,498,498,497,498,498,493,489,498,498,490,495,488,498,495,491,498,498,498,496,498,490,492,498,487,460,481,497,498,496,498,495,497,498,498,300,345,486,495,498,498,490,485,497,446,498,497,436,498,498,498,498,497,491,498,497,497,498,494,476,498,498,498,498,481,498,497,485,498,495,497,498
"04",335,310,335,335,254,335,335,330,137,330,334,335,334,297,269,334,287,334,334,335,335,333,304,180,335,302,332,335,334,335,335,335,335,335,335,335,333,335,328,331,333,331,335,335,335,335,328,335,335,333,335,335,287,335,335,324,296,335,332,335,335,335,330,335,332,335,335,328,332,335,333,335,333,310,330,333,335,335,335,279,335,335,334,335,335,330,326,335,335,332,332,327,335,334,328,335,335,335,333,335,329,330,335,325,297,335,335,335,333,335,334,334,335,335,180,195,326,333,335,335,330,325,335,292,335,334,280,335,335,335,335,334,328,335,335,335,335,332,329,335,335,335,335,319,335,334,335,335,332,334,335
"041",503,460,503,503,421,503,503,491,250,498,502,503,500,465,344,502,455,501,498,335,503,501,472,215,503,464,496,503,500,503,498,503,503,491,503,501,501,503,496,498,501,499,503,503,503,502,496,503,502,501,503,503,455,502,503,481,438,503,500,503,501,503,495,503,499,503,503,407,500,503,493,502,501,478,498,501,503,503,503,446,503,503,502,503,503,498,494,503,503,495,500,493,503,499,496,503,503,503,501,503,495,497,503,492,465,486,502,503,501,503,500,502,503,503,300,350,491,500,503,503,495,490,502,451,503,498,440,503,503,499,503,502,496,503,502,502,503,499,481,503,503,503,503,486,503,502,490,503,500,502,503
"042",501,458,501,501,421,501,501,489,250,496,500,501,498,465,342,500,453,499,496,333,501,501,472,213,501,462,494,501,498,501,496,501,501,489,501,499,499,501,494,496,499,497,501,501,501,500,494,501,500,499,501,501,453,500,501,479,438,501,498,501,499,501,493,501,497,501,501,405,498,501,491,500,499,478,496,499,501,501,501,444,501,501,500,501,501,496,492,501,501,493,498,491,501,497,494,501,501,501,499,501,493,495,501,490,465,484,500,501,499,501,498,500,501,501,298,348,489,498,501,501,493,488,500,449,501,496,438,501,501,497,501,500,494,501,500,500,501,497,479,501,501,501,501,484,501,500,488,501,498,500,501
"043",472,429,472,472,418,472,472,460,243,467,471,472,470,465,313,471,424,470,467,304,472,472,472,184,472,433,465,472,469,472,467,472,472,460,472,470,470,472,465,467,470,468,472,472,472,471,465,472,471,470,472,472,424,471,472,450,438,472,469,472,470,472,464,472,468,472,472,376,472,472,462,471,470,472,467,470,472,472,472,415,472,472,471,472,472,467,463,472,472,465,471,462,472,468,465,472,472,472,470,472,464,468,472,461,465,455,471,472,470,472,469,472,472,472,269,319,460,469,472,472,464,459,471,420,472,467,410,472,472,468,472,471,465,472,471,471,472,468,450,472,472,472,472,455,472,471,459,472,469,471,472
"044",215,190,215,215,134,215,215,210,70,215,215,215,214,177,214,214,215,214,215,180,215,213,184,215,215,215,215,215,213,215,215,215,215,215,215,215,213,215,208,212,213,212,215,215,215,215,208,215,214,214,215,215,215,215,215,207,174,215,214,215,213,215,210,215,212,215,215,208,212,215,214,214,213,190,215,213,215,215,215,215,215,215,215,215,215,215,206,215,215,208,212,207,215,214,208,215,215,215,215,215,207,210,215,215,177,215,215,215,213,215,215,214,215,215,148,83,209,212,215,215,208,203,215,214,215,215,203,215,215,215,215,214,215,215,215,215,215,215,209,215,215,215,215,214,215,214,215,215,215,214,215
"045",503,460,503,503,421,503,503,491,250,498,502,503,500,465,344,502,455,501,498,335,503,501,472,215,503,464,496,503,500,503,498,503,503,491,503,501,501,503,496,498,501,499,503,503,503,502,496,503,502,501,503,503,455,502,503,481,438,503,500,503,501,503,495,503,499,503,503,407,500,503,493,502,501,478,498,501,503,503,503,446,503,503,502,503,503,498,494,503,503,495,500,493,503,499,496,503,503,503,501,503,495,497,503,492,465,486,502,503,501,503,500,502,503,503,300,350,491,500,503,503,495,490,502,451,503,498,440,503,503,499,503,502,496,503,502,502,503,499,481,503,503,503,503,486,503,502,490,503,500,502,503
"047",464,421,464,464,382,464,464,452,235,460,464,464,461,426,305,463,416,462,459,302,464,462,433,215,464,464,458,464,461,464,459,464,464,452,464,463,462,464,457,459,462,460,464,464,464,463,457,464,463,462,464,464,416,463,464,443,399,464,463,464,462,464,456,464,460,464,464,368,461,464,454,463,462,439,459,462,464,464,464,441,464,464,463,464,464,459,455,464,464,456,461,454,464,460,457,464,464,464,462,464,456,458,464,453,426,447,463,464,462,464,463,463,464,464,300,311,452,461,464,464,456,451,463,414,464,459,401,464,464,460,464,463,457,464,463,463,464,460,442,464,464,464,464,463,464,463,451,464,461,463,464
"05",496,453,496,496,414,496,496,484,246,491,495,496,493,458,337,495,448,494,495,332,496,494,465,215,496,458,496,496,493,496,491,496,496,484,496,494,494,496,489,491,494,492,496,496,496,495,489,496,495,494,496,496,448,495,496,474,431,496,493,496,494,496,489,496,492,496,496,400,493,496,486,495,494,471,491,494,496,496,496,442,496,496,495,496,496,491,487,496,496,488,493,486,496,493,489,496,496,496,494,496,488,490,496,485,458,479,495,496,494,496,493,495,496,496,300,343,484,493,496,496,488,483,495,444,496,495,433,496,496,496,496,495,489,496,495,495,496,492,474,496,496,496,496,479,496,495,483,496,493,495,496
"07",503,460,503,503,421,503,503,491,250,498,502,503,500,465,344,502,455,501,498,335,503,501,472,215,503,464,496,503,500,503,498,503,503,491,503,501,501,503,496,498,501,499,503,503,503,502,496,503,502,501,503,503,455,502,503,481,438,503,500,503,501,503,495,503,499,503,503,407,500,503,493,502,501,478,498,501,503,503,503,446,503,503,502,503,503,498,494,503,503,495,500,493,503,499,496,503,503,503,501,503,495,497,503,492,465,486,502,503,501,503,500,502,503,503,300,350,491,500,503,503,495,490,502,451,503,498,440,503,503,499,503,502,496,503,502,502,503,499,481,503,503,503,503,486,503,502,490,503,500,502,503
"09",500,457,500,500,418,500,500,488,250,495,499,500,497,462,342,499,453,498,495,334,500,498,469,213,500,461,493,500,500,500,495,500,500,488,500,498,498,500,493,495,498,496,500,500,500,499,493,500,499,498,500,500,453,499,500,478,435,500,497,500,498,500,492,500,496,500,500,404,497,500,490,499,498,475,495,498,500,500,500,443,500,500,499,500,500,495,491,500,500,492,497,490,500,496,493,500,500,500,498,500,492,494,500,489,462,483,499,500,498,500,497,499,500,500,297,347,488,497,500,500,492,487,499,448,500,495,438,500,500,496,500,499,493,500,499,499,500,496,478,500,500,500,500,483,500,499,487,500,497,499,500
"1",503,460,503,503,421,503,503,491,250,498,502,503,500,465,344,502,455,501,498,335,503,501,472,215,503,464,496,503,500,503,498,503,503,491,503,501,501,503,496,498,501,499,503,503,503,502,496,503,502,501,503,503,455,502,503,481,438,503,500,503,501,503,495,503,499,503,503,407,500,503,493,502,501,478,498,501,503,503,503,446,503,503,502,503,503,498,494,503,503,495,500,493,503,499,496,503,503,503,501,503,495,497,503,492,465,486,502,503,501,503,500,502,503,503,300,350,491,500,503,503,495,490,502,451,503,498,440,503,503,499,503,502,496,503,502,502,503,499,481,503,503,503,503,486,503,502,490,503,500,502,503
"1009",498,455,498,498,416,498,498,488,245,493,497,498,496,460,344,497,450,496,493,335,498,496,467,215,498,459,491,498,495,498,498,498,498,486,498,496,496,498,491,493,496,494,498,498,498,497,491,498,497,496,498,498,450,497,498,477,435,498,495,498,496,498,490,498,494,498,498,407,495,498,488,497,496,473,493,496,498,498,498,441,498,498,497,498,498,493,489,498,498,490,495,488,498,494,491,498,498,498,496,498,490,492,498,487,460,483,497,498,496,498,495,497,498,498,297,346,486,495,498,498,490,485,497,446,498,493,435,498,498,494,498,497,491,498,497,497,498,494,476,498,498,498,498,481,498,497,485,498,495,497,498
"1012",503,460,503,503,421,503,503,491,250,498,502,503,500,465,344,502,455,501,498,335,503,501,472,215,503,464,496,503,500,503,498,503,503,491,503,501,501,503,496,498,501,499,503,503,503,502,496,503,502,501,503,503,455,502,503,481,438,503,500,503,501,503,495,503,499,503,503,407,500,503,493,502,501,478,498,501,503,503,503,446,503,503,502,503,503,498,494,503,503,495,500,493,503,499,496,503,503,503,501,503,495,497,503,492,465,486,502,503,501,503,500,502,503,503,300,350,491,500,503,503,495,490,502,451,503,498,440,503,503,499,503,502,496,503,502,502,503,499,481,503,503,503,503,486,503,502,490,503,500,502,503
"1071",503,460,503,503,421,503,503,491,250,498,502,503,500,465,344,502,455,501,498,335,503,501,472,215,503,464,496,503,500,503,498,503,503,491,503,501,501,503,496,498,501,499,503,503,503,502,496,503,502,501,503,503,455,502,503,481,438,503,500,503,501,503,495,503,499,503,503,407,500,503,493,502,501,478,498,501,503,503,503,446,503,503,502,503,503,498,494,503,503,495,500,493,503,499,496,503,503,503,501,503,495,497,503,492,465,486,502,503,501,503,500,502,503,503,300,350,491,500,503,503,495,490,502,451,503,498,440,503,503,499,503,502,496,503,502,502,503,499,481,503,503,503,503,486,503,502,490,503,500,502,503
"1093",491,448,491,491,409,491,491,479,238,486,490,491,488,453,332,490,443,489,486,335,491,489,460,215,491,452,484,491,488,491,486,491,491,491,491,489,489,491,484,486,489,487,491,491,491,490,484,491,490,489,491,491,443,490,491,469,426,491,488,491,489,491,483,491,487,491,491,395,488,491,481,490,489,466,486,489,491,491,491,434,491,491,490,491,491,486,482,491,491,483,488,481,491,487,484,491,491,491,489,491,483,485,491,480,453,485,490,491,489,491,488,490,491,491,300,338,479,488,491,491,483,478,490,439,491,486,431,491,491,487,491,490,484,491,490,490,491,487,469,491,491,491,491,474,491,490,478,491,488,490,491
"1110",503,460,503,503,421,503,503,491,250,498,502,503,500,465,344,502,455,501,498,335,503,501,472,215,503,464,496,503,500,503,498,503,503,491,503,501,501,503,496,498,501,499,503,503,503,502,496,503,502,501,503,503,455,502,503,481,438,503,500,503,501,503,495,503,499,503,503,407,500,503,493,502,501,478,498,501,503,503,503,446,503,503,502,503,503,498,494,503,503,495,500,493,503,499,496,503,503,503,501,503,495,497,503,492,465,486,502,503,501,503,500,502,503,503,300,350,491,500,503,503,495,490,502,451,503,498,440,503,503,499,503,502,496,503,502,502,503,499,481,503,503,503,503,486,503,502,490,503,500,502,503
"118",501,458,501,501,420,501,501,489,248,496,500,501,498,463,343,500,453,499,496,335,501,499,470,215,501,463,494,501,498,501,496,501,501,489,501,501,499,501,494,496,499,497,501,501,501,500,494,501,500,499,501,501,453,500,501,480,436,501,498,501,499,501,493,501,497,501,501,406,498,501,491,500,499,476,496,499,501,501,501,444,501,501,500,501,501,496,492,501,501,493,498,491,501,497,494,501,501,501,499,501,493,495,501,490,463,484,500,501,499,501,499,500,501,501,299,349,489,498,501,501,493,488,500,449,501,496,438,501,501,497,501,500,494,501,500,500,501,497,479,501,501,501,501,484,501,500,488,501,498,500,501
"1230",501,458,501,501,419,501,501,490,250,496,500,501,498,463,342,500,453,499,496,333,501,499,470,213,501,462,494,501,498,501,496,501,501,489,501,499,501,501,494,498,499,497,501,501,501,500,494,501,500,499,501,501,453,500,501,479,436,501,498,501,499,501,493,501,498,501,501,405,498,501,491,500,501,476,496,499,501,501,501,444,501,501,500,501,501,496,492,501,501,493,498,491,501,498,494,501,501,501,499,501,493,497,501,490,463,484,500,501,499,501,498,500,501,501,298,350,491,498,501,501,493,489,500,449,501,496,438,501,501,497,501,501,494,501,500,500,501,497,479,501,501,501,501,485,501,500,488,501,498,501,501
"124",503,460,503,503,421,503,503,491,250,498,502,503,500,465,344,502,455,501,498,335,503,501,472,215,503,464,496,503,500,503,498,503,503,491,503,501,501,503,496,498,501,499,503,503,503,502,496,503,502,501,503,503,455,502,503,481,438,503,500,503,501,503,495,503,499,503,503,407,500,503,493,502,501,478,498,501,503,503,503,446,503,503,502,503,503,498,494,503,503,495,500,493,503,499,496,503,503,503,501,503,495,497,503,492,465,486,502,503,501,503,500,502,503,503,300,350,491,500,503,503,495,490,502,451,503,498,440,503,503,499,503,502,496,503,502,502,503,499,481,503,503,503,503,486,503,502,490,503,500,502,503
"1241",496,453,496,496,414,496,496,484,250,491,495,496,493,465,337,495,448,494,491,328,496,494,465,208,496,457,489,496,493,496,491,496,496,484,496,494,494,496,496,491,494,492,496,496,496,495,496,496,495,494,496,496,448,495,496,481,431,496,493,496,494,496,488,496,492,496,496,400,493,496,486,495,494,471,491,494,496,496,496,439,496,496,495,496,496,491,494,496,496,488,493,486,496,492,496,496,496,496,494,496,488,490,496,485,465,479,495,496,494,496,493,495,496,496,293,350,484,493,496,496,488,483,495,444,496,491,433,496,496,492,496,495,489,496,495,495,496,492,474,496,496,496,496,479,496,495,483,496,493,495,496
"1253",498,455,498,498,416,498,498,488,249,493,497,498,495,460,340,497,451,497,493,331,498,496,467,212,498,459,491,498,495,498,493,498,498,486,498,496,498,498,491,498,496,495,498,498,498,497,491,498,497,497,498,498,451,497,498,476,433,498,495,498,496,498,490,498,495,498,498,402,495,498,488,497,498,473,493,496,498,498,498,441,498,498,498,498,498,493,489,498,498,490,495,488,498,495,491,498,498,498,496,498,490,494,498,488,460,481,497,498,496,498,495,497,498,498,296,348,488,495,498,498,490,486,497,447,498,493,436,498,498,494,498,498,491,498,497,497,498,494,476,498,498,498,498,482,498,497,485,498,496,498,498
"1273",501,458,501,501,419,501,501,489,250,496,500,501,498,463,342,500,453,499,496,333,501,499,470,213,501,462,494,501,498,501,496,501,501,489,501,499,499,501,494,496,501,497,501,501,501,500,494,501,500,499,501,501,453,500,501,479,436,501,498,501,499,501,493,501,497,501,501,405,498,501,491,500,499,476,496,499,501,501,501,444,501,501,500,501,501,496,492,501,501,493,498,491,501,497,494,501,501,501,499,501,493,496,501,490,463,484,500,501,499,501,498,500,501,501,298,350,489,498,501,501,493,488,500,450,501,496,438,501,501,497,501,500,494,501,500,500,501,497,479,501,501,501,501,484,501,500,488,501,498,500,501
"1279",499,456,499,499,420,499,499,487,247,494,498,499,496,461,341,498,452,497,494,331,499,497,468,212,499,460,492,499,496,499,494,499,499,487,499,497,497,499,492,495,497,499,499,499,499,498,492,499,498,498,499,499,452,498,499,477,434,499,496,499,497,499,491,499,495,499,499,403,496,499,489,498,497,474,494,497,499,499,499,442,499,499,499,499,499,494,490,499,499,491,496,489,499,495,492,499,499,499,497,499,491,493,499,489,461,482,498,499,497,499,496,498,499,499,299,349,487,496,499,499,491,486,498,447,499,494,437,499,499,495,499,498,492,499,498,498,499,495,477,499,499,499,499,482,499,498,486,499,497,498,499
"1296",503,460,503,503,421,503,503,491,250,498,502,503,500,465,344,502,455,501,498,335,503,501,472,215,503,464,496,503,500,503,498,503,503,491,503,501,501,503,496,498,501,499,503,503,503,502,496,503,502,501,503,503,455,502,503,481,438,503,500,503,501,503,495,503,499,503,503,407,500,503,493,502,501,478,498,501,503,503,503,446,503,503,502,503,503,498,494,503,503,495,500,493,503,499,496,503,503,503,501,503,495,497,503,492,465,486,502,503,501,503,500,502,503,503,300,350,491,500,503,503,495,490,502,451,503,498,440,503,503,499,503,502,496,503,502,502,503,499,481,503,503,503,503,486,503,502,490,503,500,502,503
"13",503,460,503,503,421,503,503,491,250,498,502,503,500,465,344,502,455,501,498,335,503,501,472,215,503,464,496,503,500,503,498,503,503,491,503,501,501,503,496,498,501,499,503,503,503,502,496,503,502,501,503,503,455,502,503,481,438,503,500,503,501,503,495,503,499,503,503,407,500,503,493,502,501,478,498,501,503,503,503,446,503,503,502,503,503,498,494,503,503,495,500,493,503,499,496,503,503,503,501,503,495,497,503,492,465,486,502,503,501,503,500,502,503,503,300,350,491,500,503,503,495,490,502,451,503,498,440,503,503,499,503,502,496,503,502,502,503,499,481,503,503,503,503,486,503,502,490,503,500,502,503
"130",503,460,503,503,421,503,503,491,250,498,502,503,500,465,344,502,455,501,498,335,503,501,472,215,503,464,496,503,500,503,498,503,503,491,503,501,501,503,496,498,501,499,503,503,503,502,496,503,502,501,503,503,455,502,503,481,438,503,500,503,501,503,495,503,499,503,503,407,500,503,493,502,501,478,498,501,503,503,503,446,503,503,502,503,503,498,494,503,503,495,500,493,503,499,496,503,503,503,501,503,495,497,503,492,465,486,502,503,501,503,500,502,503,503,300,350,491,500,503,503,495,490,502,451,503,498,440,503,503,499,503,502,496,503,502,502,503,499,481,503,503,503,503,486,503,502,490,503,500,502,503
"131",502,460,502,502,420,502,502,490,250,497,501,502,499,464,344,501,454,500,497,335,502,500,471,215,502,463,495,502,499,502,497,502,502,490,502,500,500,502,495,497,500,498,502,502,502,502,495,502,501,500,502,502,454,501,502,480,438,502,499,502,500,502,494,502,498,502,502,407,499,502,492,501,500,477,497,500,502,502,502,445,502,502,501,502,502,497,493,502,502,494,499,492,502,498,495,502,502,502,500,502,494,496,502,491,464,485,501,502,500,502,499,501,502,502,299,349,490,499,502,502,494,489,501,450,502,497,440,502,502,498,502,501,495,502,501,501,502,498,481,502,502,502,502,485,502,501,490,502,499,501,502
"1326",496,453,496,496,414,496,496,484,250,491,495,496,493,465,337,495,448,494,491,328,496,494,465,208,496,457,489,496,493,496,491,496,496,484,496,494,494,496,496,491,494,492,496,496,496,495,496,496,495,494,496,496,448,495,496,481,431,496,493,496,494,496,488,496,492,496,496,400,493,496,486,495,494,471,491,494,496,496,496,439,496,496,495,496,496,491,494,496,496,488,493,486,496,492,496,496,496,496,494,496,488,490,496,485,465,479,495,496,494,496,493,495,496,496,293,350,484,493,496,496,488,483,495,444,496,491,433,496,496,492,496,495,489,496,495,495,496,492,474,496,496,496,496,479,496,495,483,496,493,495,496
"1328",503,460,503,503,421,503,503,491,250,498,502,503,500,465,344,502,455,501,498,335,503,501,472,215,503,464,496,503,500,503,498,503,503,491,503,501,501,503,496,498,501,499,503,503,503,502,496,503,502,501,503,503,455,502,503,481,438,503,500,503,501,503,495,503,499,503,503,407,500,503,493,502,501,478,498,501,503,503,503,446,503,503,502,503,503,498,494,503,503,495,500,493,503,499,496,503,503,503,501,503,495,497,503,492,465,486,502,503,501,503,500,502,503,503,300,350,491,500,503,503,495,490,502,451,503,498,440,503,503,499,503,502,496,503,502,502,503,499,481,503,503,503,503,486,503,502,490,503,500,502,503
"1329",502,459,502,502,420,502,502,490,250,497,501,502,499,464,343,501,454,500,497,335,502,500,471,214,502,463,495,502,499,502,497,502,502,490,502,500,500,502,495,497,500,498,502,502,502,501,495,502,502,500,502,502,454,501,502,480,437,502,499,502,500,502,494,502,498,502,502,407,499,502,492,501,500,477,497,500,502,502,502,445,502,502,501,502,502,497,493,502,502,494,499,492,502,498,495,502,502,502,500,502,494,496,502,491,464,485,501,502,500,502,499,501,502,502,299,349,491,499,502,502,494,489,501,450,502,497,439,502,502,498,502,501,495,502,501,501,502,498,480,502,502,502,502,485,502,501,489,502,499,501,502
"1330",501,458,501,501,419,501,501,489,250,496,500,501,498,463,343,500,454,499,496,333,501,499,470,214,501,462,494,501,498,501,496,501,501,489,501,499,499,501,494,497,499,498,501,501,501,500,494,501,500,501,501,501,454,500,501,479,436,501,498,501,499,501,493,501,497,501,501,405,498,501,491,500,499,476,496,499,501,501,501,444,501,501,501,501,501,496,492,501,501,493,498,491,501,497,494,501,501,501,499,501,493,495,501,491,463,484,500,501,499,501,498,500,501,501,298,349,489,498,501,501,493,488,500,449,501,496,439,501,501,497,501,500,494,501,500,500,501,497,479,501,501,501,501,484,501,500,488,501,499,500,501
"1331",503,460,503,503,421,503,503,491,250,498,502,503,500,465,344,502,455,501,498,335,503,501,472,215,503,464,496,503,500,503,498,503,503,491,503,501,501,503,496,498,501,499,503,503,503,502,496,503,502,501,503,503,455,502,503,481,438,503,500,503,501,503,495,503,499,503,503,407,500,503,493,502,501,478,498,501,503,503,503,446,503,503,502,503,503,498,494,503,503,495,500,493,503,499,496,503,503,503,501,503,495,497,503,492,465,486,502,503,501,503,500,502,503,503,300,350,491,500,503,503,495,490,502,451,503,498,440,503,503,499,503,502,496,503,502,502,503,499,481,503,503,503,503,486,503,502,490,503,500,502,503
"1333",503,460,503,503,421,503,503,491,250,498,502,503,500,465,344,502,455,501,498,335,503,501,472,215,503,464,496,503,500,503,498,503,503,491,503,501,501,503,496,498,501,499,503,503,503,502,496,503,502,501,503,503,455,502,503,481,438,503,500,503,501,503,495,503,499,503,503,407,500,503,493,502,501,478,498,501,503,503,503,446,503,503,502,503,503,498,494,503,503,495,500,493,503,499,496,503,503,503,501,503,495,497,503,492,465,486,502,503,501,503,500,502,503,503,300,350,491,500,503,503,495,490,502,451,503,498,440,503,503,499,503,502,496,503,502,502,503,499,481,503,503,503,503,486,503,502,490,503,500,502,503
"1334",455,412,455,455,373,455,455,443,250,453,454,455,452,417,344,454,455,453,450,287,455,453,424,215,455,416,448,455,453,455,450,455,455,443,455,453,453,455,448,451,453,452,455,455,455,454,448,455,454,454,455,455,455,454,455,433,390,455,452,455,453,455,447,455,451,455,455,359,452,455,445,454,453,430,450,453,455,455,455,398,455,455,455,455,455,455,446,455,455,447,452,447,455,451,448,455,455,455,454,455,447,449,455,445,417,438,454,455,453,455,452,454,455,455,252,312,448,452,455,455,447,442,454,403,455,450,434,455,455,451,455,454,455,455,454,454,455,454,433,455,455,455,455,438,455,454,442,455,453,454,455
"1335",502,459,502,502,420,502,502,490,249,497,501,502,499,464,344,501,454,500,497,335,502,500,471,215,502,463,495,502,499,502,497,502,502,490,502,500,500,502,495,497,500,498,502,502,502,501,495,502,501,500,502,502,454,502,502,480,437,502,499,502,500,502,494,502,498,502,502,407,499,502,492,501,500,477,497,500,502,502,502,445,502,502,501,502,502,497,493,502,502,494,499,492,502,498,495,502,502,502,500,502,494,496,502,491,464,485,501,502,500,502,499,501,502,502,299,349,490,499,502,502,494,489,501,450,502,497,439,502,502,498,502,501,495,502,501,501,502,498,480,502,502,502,502,485,502,501,489,502,499,501,502
"1336",503,460,503,503,421,503,503,491,250,498,502,503,500,465,344,502,455,501,498,335,503,501,472,215,503,464,496,503,500,503,498,503,503,491,503,501,501,503,496,498,501,499,503,503,503,502,496,503,502,501,503,503,455,502,503,481,438,503,500,503,501,503,495,503,499,503,503,407,500,503,493,502,501,478,498,501,503,503,503,446,503,503,502,503,503,498,494,503,503,495,500,493,503,499,496,503,503,503,501,503,495,497,503,492,465,486,502,503,501,503,500,502,503,503,300,350,491,500,503,503,495,490,502,451,503,498,440,503,503,499,503,502,496,503,502,502,503,499,481,503,503,503,503,486,503,502,490,503,500,502,503
"1337",481,439,481,481,400,481,481,471,237,476,480,481,478,450,333,480,433,479,476,324,481,479,450,207,481,443,474,481,478,481,477,481,481,469,481,480,479,481,481,476,479,477,481,481,481,480,481,481,480,479,481,481,433,480,481,481,419,481,478,481,479,481,473,481,477,481,481,396,478,481,472,480,479,456,476,479,481,481,481,426,481,481,480,481,481,476,479,481,481,473,478,471,481,477,481,481,481,481,479,481,473,475,481,470,450,466,480,481,479,481,478,480,481,481,284,337,469,478,481,481,473,468,480,430,481,476,421,481,481,477,481,480,474,481,480,480,481,477,459,481,481,481,481,465,481,480,468,481,478,480,481
"1338",438,413,438,438,384,438,438,436,237,433,437,438,436,431,303,437,390,436,433,296,438,438,438,174,438,399,431,438,435,438,435,438,438,426,438,436,436,438,431,433,436,434,438,438,438,438,431,438,437,436,438,438,390,437,438,419,438,438,435,438,436,438,434,438,434,438,438,367,438,438,436,437,436,438,433,436,438,438,438,381,438,438,437,438,438,433,429,438,438,431,437,434,438,434,431,438,438,438,436,438,436,435,438,427,431,427,437,438,436,438,435,438,438,438,251,291,426,438,438,438,436,431,438,386,438,433,378,438,438,434,438,437,431,438,437,437,438,434,436,438,438,438,438,421,438,437,438,438,435,437,438
"1339",503,460,503,503,421,503,503,491,250,498,502,503,500,465,344,502,455,501,498,335,503,501,472,215,503,464,496,503,500,503,498,503,503,491,503,501,501,503,496,498,501,499,503,503,503,502,496,503,502,501,503,503,455,502,503,481,438,503,500,503,501,503,495,503,499,503,503,407,500,503,493,502,501,478,498,501,503,503,503,446,503,503,502,503,503,498,494,503,503,495,500,493,503,499,496,503,503,503,501,503,495,497,503,492,465,486,502,503,501,503,500,502,503,503,300,350,491,500,503,503,495,490,502,451,503,498,440,503,503,499,503,502,496,503,502,502,503,499,481,503,503,503,503,486,503,502,490,503,500,502,503
"1340",500,458,500,500,418,500,500,488,250,495,500,500,497,462,341,499,452,498,495,332,500,498,469,214,500,463,493,500,497,500,495,500,500,488,500,498,498,500,493,495,498,496,500,500,500,499,493,500,499,498,500,500,452,499,500,478,435,500,500,500,498,500,492,500,496,500,500,404,497,500,490,499,498,475,495,498,500,500,500,445,500,500,499,500,500,495,491,500,500,492,497,490,500,496,493,500,500,500,498,500,492,494,500,489,462,483,499,500,499,500,497,499,500,500,299,348,488,497,500,500,492,487,499,449,500,495,437,500,500,496,500,499,493,500,499,499,500,496,478,500,500,500,500,483,500,499,487,500,497,499,500
"1341",503,460,503,503,421,503,503,491,250,498,502,503,500,465,344,502,455,501,498,335,503,501,472,215,503,464,496,503,500,503,498,503,503,491,503,501,501,503,496,498,501,499,503,503,503,502,496,503,502,501,503,503,455,502,503,481,438,503,500,503,501,503,495,503,499,503,503,407,500,503,493,502,501,478,498,501,503,503,503,446,503,503,502,503,503,498,494,503,503,495,500,493,503,499,496,503,503,503,501,503,495,497,503,492,465,486,502,503,501,503,500,502,503,503,300,350,491,500,503,503,495,490,502,451,503,498,440,503,503,499,503,502,496,503,502,502,503,499,481,503,503,503,503,486,503,502,490,503,500,502,503
"1342",501,458,501,501,419,501,501,489,250,496,500,501,498,463,342,500,453,499,496,335,501,499,470,213,501,462,494,501,498,501,496,501,501,489,501,499,499,501,494,496,499,497,501,501,501,500,494,501,500,499,501,501,453,500,501,479,436,501,498,501,501,501,493,501,497,501,501,405,498,501,491,500,499,476,496,499,501,501,501,444,501,501,500,501,501,496,492,501,501,493,498,491,501,497,494,501,501,501,499,501,493,495,501,490,463,484,500,501,499,501,498,500,501,501,298,348,489,498,501,501,493,488,500,449,501,496,438,501,501,497,501,500,494,501,500,500,501,497,479,501,501,501,501,484,501,500,488,501,498,500,501
"1343",503,460,503,503,421,503,503,491,250,498,502,503,500,465,344,502,455,501,498,335,503,501,472,215,503,464,496,503,500,503,498,503,503,491,503,501,501,503,496,498,501,499,503,503,503,502,496,503,502,501,503,503,455,502,503,481,438,503,500,503,501,503,495,503,499,503,503,407,500,503,493,502,501,478,498,501,503,503,503,446,503,503,502,503,503,498,494,503,503,495,500,493,503,499,496,503,503,503,501,503,495,497,503,492,465,486,502,503,501,503,500,502,503,503,300,350,491,500,503,503,495,490,502,451,503,498,440,503,503,499,503,502,496,503,502,502,503,499,481,503,503,503,503,486,503,502,490,503,500,502,503
"1344",495,452,495,495,413,495,495,487,247,490,494,495,492,457,336,494,447,493,491,330,495,493,464,210,495,456,489,495,492,495,490,495,495,483,495,493,493,495,488,490,493,491,495,495,495,494,488,495,494,493,495,495,447,494,495,473,434,495,492,495,493,495,495,495,491,495,495,401,492,495,485,494,493,470,490,493,495,495,495,438,495,495,494,495,495,490,486,495,495,487,492,485,495,494,488,495,495,495,493,495,487,489,495,484,457,478,494,495,493,495,492,494,495,495,299,342,483,492,495,495,487,482,494,443,495,491,432,495,495,492,495,494,488,495,494,494,495,491,478,495,495,495,495,478,495,494,482,495,492,494,495
"1345",503,460,503,503,421,503,503,491,250,498,502,503,500,465,344,502,455,501,498,335,503,501,472,215,503,464,496,503,500,503,498,503,503,491,503,501,501,503,496,498,501,499,503,503,503,502,496,503,502,501,503,503,455,502,503,481,438,503,500,503,501,503,495,503,499,503,503,407,500,503,493,502,501,478,498,501,503,503,503,446,503,503,502,503,503,498,494,503,503,495,500,493,503,499,496,503,503,503,501,503,495,497,503,492,465,486,502,503,501,503,500,502,503,503,300,350,491,500,503,503,495,490,502,451,503,498,440,503,503,499,503,502,496,503,502,502,503,499,481,503,503,503,503,486,503,502,490,503,500,502,503
"1346",499,456,499,499,417,499,499,488,249,494,498,499,496,461,341,498,451,497,494,332,499,497,468,212,499,460,492,499,496,499,494,499,499,487,499,497,498,499,492,495,497,495,499,499,499,498,492,499,498,497,499,499,451,498,499,477,434,499,496,499,497,499,491,499,499,499,499,404,496,499,490,498,498,474,494,497,499,499,499,442,499,499,498,499,499,494,490,499,499,491,496,491,499,496,492,499,499,499,497,499,493,494,499,488,461,482,498,499,497,499,496,498,499,499,296,349,488,496,499,499,492,489,498,447,499,494,436,499,499,495,499,499,492,499,498,498,499,495,477,499,499,499,499,483,499,498,486,499,496,499,499
"1347",503,460,503,503,421,503,503,491,250,498,502,503,500,465,344,502,455,501,498,335,503,501,472,215,503,464,496,503,500,503,498,503,503,491,503,501,501,503,496,498,501,499,503,503,503,502,496,503,502,501,503,503,455,502,503,481,438,503,500,503,501,503,495,503,499,503,503,407,500,503,493,502,501,478,498,501,503,503,503,446,503,503,502,503,503,498,494,503,503,495,500,493,503,499,496,503,503,503,501,503,495,497,503,492,465,486,502,503,501,503,500,502,503,503,300,350,491,500,503,503,495,490,502,451,503,498,440,503,503,499,503,502,496,503,502,502,503,499,481,503,503,503,503,486,503,502,490,503,500,502,503
"1348",503,460,503,503,421,503,503,491,250,498,502,503,500,465,344,502,455,501,498,335,503,501,472,215,503,464,496,503,500,503,498,503,503,491,503,501,501,503,496,498,501,499,503,503,503,502,496,503,502,501,503,503,455,502,503,481,438,503,500,503,501,503,495,503,499,503,503,407,500,503,493,502,501,478,498,501,503,503,503,446,503,503,502,503,503,498,494,503,503,495,500,493,503,499,496,503,503,503,501,503,495,497,503,492,465,486,502,503,501,503,500,502,503,503,300,350,491,500,503,503,495,490,502,451,503,498,440,503,503,499,503,502,496,503,502,502,503,499,481,503,503,503,503,486,503,502,490,503,500,502,503
"1421",407,382,407,407,329,407,407,402,177,402,406,407,406,369,335,406,359,406,402,328,407,405,376,208,407,368,400,407,404,407,407,407,407,395,407,406,405,407,400,402,405,403,407,407,407,407,400,407,407,405,407,407,359,407,407,396,367,407,404,407,405,407,401,407,404,407,407,407,404,407,405,406,405,382,402,405,407,407,407,350,407,407,406,407,407,402,398,407,407,401,404,397,407,403,400,407,407,407,405,407,399,402,407,396,369,396,406,407,405,407,404,406,407,407,216,269,396,404,407,407,399,395,407,357,407,402,349,407,407,403,407,406,400,407,407,406,407,404,403,407,407,407,407,390,407,406,407,407,404,406,407
"1424",500,457,500,500,421,500,500,488,250,495,499,500,497,465,341,499,452,498,495,332,500,498,472,212,500,461,493,500,497,500,495,500,500,488,500,498,498,500,493,495,498,496,500,500,500,499,493,500,499,498,500,500,452,499,500,478,438,500,497,500,498,500,492,500,496,500,500,404,500,500,490,499,498,478,495,498,500,500,500,443,500,500,499,500,500,495,491,500,500,492,497,490,500,496,493,500,500,500,498,500,492,494,500,489,465,483,499,500,498,500,497,499,500,500,297,347,488,497,500,500,492,487,499,448,500,495,437,500,500,496,500,499,493,500,499,499,500,496,478,500,500,500,500,483,500,499,487,500,497,499,500
"1446",503,460,503,503,421,503,503,491,250,498,502,503,500,465,344,502,455,501,498,335,503,501,472,215,503,464,496,503,500,503,498,503,503,491,503,501,501,503,496,498,501,499,503,503,503,502,496,503,502,501,503,503,455,502,503,481,438,503,500,503,501,503,495,503,499,503,503,407,500,503,493,502,501,478,498,501,503,503,503,446,503,503,502,503,503,498,494,503,503,495,500,493,503,499,496,503,503,503,501,503,495,497,503,492,465,486,502,503,501,503,500,502,503,503,300,350,491,500,503,503,495,490,502,451,503,498,440,503,503,499,503,502,496,503,502,502,503,499,481,503,503,503,503,486,503,502,490,503,500,502,503
"1451",493,458,493,493,411,493,493,481,249,488,492,493,490,455,343,492,445,491,488,333,493,491,462,214,493,454,486,493,490,493,488,493,493,481,493,491,491,493,486,488,491,489,493,493,493,492,486,493,492,491,493,493,445,492,493,472,436,493,490,493,491,493,485,493,490,493,493,405,490,493,493,492,491,468,488,491,493,493,493,436,493,493,492,493,493,488,484,493,493,485,490,484,493,489,486,493,493,493,491,493,486,488,493,483,455,476,492,493,491,493,490,492,493,493,290,341,481,490,493,493,485,481,492,441,493,488,430,493,493,489,493,492,486,493,492,492,493,489,477,493,493,493,493,476,493,492,483,493,490,492,493
"1457",502,459,502,502,420,502,502,490,250,497,501,502,499,464,343,501,454,500,497,335,502,500,471,214,502,463,495,502,499,502,497,502,502,490,502,500,500,502,495,497,500,498,502,502,502,501,495,502,501,500,502,502,454,501,502,480,437,502,499,502,500,502,494,502,498,502,502,406,499,502,492,502,500,477,497,500,502,502,502,445,502,502,501,502,502,497,493,502,502,495,499,492,502,498,495,502,502,502,500,502,494,496,502,491,464,485,501,502,500,502,499,501,502,502,299,349,490,499,502,502,494,489,501,450,502,497,439,502,502,498,502,501,495,502,501,501,502,498,480,502,502,502,502,485,502,501,489,502,499,501,502
"150",501,458,501,501,419,501,501,490,250,496,500,501,498,463,342,500,453,499,496,333,501,499,470,213,501,462,494,501,498,501,496,501,501,489,501,499,501,501,494,498,499,497,501,501,501,500,494,501,500,499,501,501,453,500,501,479,436,501,498,501,499,501,493,501,498,501,501,405,498,501,491,500,501,476,496,499,501,501,501,444,501,501,500,501,501,496,492,501,501,493,498,491,501,498,494,501,501,501,499,501,493,497,501,490,463,484,500,501,499,501,498,500,501,501,298,350,491,498,501,501,493,489,500,449,501,496,438,501,501,497,501,501,494,501,500,500,501,497,479,501,501,501,501,485,501,500,488,501,498,501,501
"1500",478,435,478,478,418,478,478,466,244,473,477,478,476,465,319,477,430,476,473,310,478,478,472,190,478,439,471,478,475,478,473,478,478,466,478,476,476,478,471,473,476,474,478,478,478,477,471,478,477,476,478,478,430,477,478,456,438,478,475,478,476,478,470,478,474,478,478,382,478,478,468,477,476,478,473,476,478,478,478,421,478,478,477,478,478,473,469,478,478,471,477,468,478,474,471,478,478,478,476,478,470,474,478,467,465,461,477,478,476,478,475,478,478,478,275,325,466,475,478,478,470,465,477,426,478,473,415,478,478,474,478,477,471,478,477,477,478,474,456,478,478,478,478,461,478,477,465,478,475,477,478
"1502",498,455,498,498,416,498,498,486,245,493,497,498,495,460,339,497,450,496,493,330,498,496,467,215,498,459,491,498,495,498,493,498,498,486,498,496,496,498,491,493,496,494,498,498,498,497,491,498,497,496,498,498,450,497,498,476,433,498,495,498,496,498,490,498,494,498,498,402,495,498,488,497,496,473,498,496,498,498,498,441,498,498,497,498,498,493,489,498,498,490,495,488,498,494,491,498,498,498,496,498,490,492,498,487,460,481,497,498,496,498,495,497,498,498,300,345,486,495,498,498,490,485,497,451,498,493,435,498,498,494,498,497,491,498,497,497,498,494,476,498,498,498,498,481,498,497,485,498,495,497,498
"1506",501,459,501,501,420,501,501,489,249,496,500,501,498,463,342,500,453,499,496,333,501,499,470,213,501,462,494,501,498,501,496,501,501,489,501,499,499,501,494,496,499,497,501,501,501,500,494,501,500,499,501,501,453,500,501,479,436,501,498,501,499,501,493,501,497,501,501,405,498,501,491,500,499,476,496,501,501,501,501,444,501,501,500,501,501,496,492,501,501,493,498,491,501,497,494,501,501,501,499,501,493,495,501,490,463,484,500,501,499,501,498,500,501,501,299,350,489,498,501,501,493,488,500,449,501,496,438,501,501,497,501,500,494,501,500,500,501,497,479,501,501,501,501,484,501,500,488,501,498,500,501
"1528",503,460,503,503,421,503,503,491,250,498,502,503,500,465,344,502,455,501,498,335,503,501,472,215,503,464,496,503,500,503,498,503,503,491,503,501,501,503,496,498,501,499,503,503,503,502,496,503,502,501,503,503,455,502,503,481,438,503,500,503,501,503,495,503,499,503,503,407,500,503,493,502,501,478,498,501,503,503,503,446,503,503,502,503,503,498,494,503,503,495,500,493,503,499,496,503,503,503,501,503,495,497,503,492,465,486,502,503,501,503,500,502,503,503,300,350,491,500,503,503,495,490,502,451,503,498,440,503,503,499,503,502,496,503,502,502,503,499,481,503,503,503,503,486,503,502,490,503,500,502,503
"1555",503,460,503,503,421,503,503,491,250,498,502,503,500,465,344,502,455,501,498,335,503,501,472,215,503,464,496,503,500,503,498,503,503,491,503,501,501,503,496,498,501,499,503,503,503,502,496,503,502,501,503,503,455,502,503,481,438,503,500,503,501,503,495,503,499,503,503,407,500,503,493,502,501,478,498,501,503,503,503,446,503,503,502,503,503,498,494,503,503,495,500,493,503,499,496,503,503,503,501,503,495,497,503,492,465,486,502,503,501,503,500,502,503,503,300,350,491,500,503,503,495,490,502,451,503,498,440,503,503,499,503,502,496,503,502,502,503,499,481,503,503,503,503,486,503,502,490,503,500,502,503
"157",503,460,503,503,421,503,503,491,250,498,502,503,500,465,344,502,455,501,498,335,503,501,472,215,503,464,496,503,500,503,498,503,503,491,503,501,501,503,496,498,501,499,503,503,503,502,496,503,502,501,503,503,455,502,503,481,438,503,500,503,501,503,495,503,499,503,503,407,500,503,493,502,501,478,498,501,503,503,503,446,503,503,502,503,503,498,494,503,503,495,500,493,503,499,496,503,503,503,501,503,495,497,503,492,465,486,502,503,501,503,500,502,503,503,300,350,491,500,503,503,495,490,502,451,503,498,440,503,503,499,503,502,496,503,502,502,503,499,481,503,503,503,503,486,503,502,490,503,500,502,503
"1574",446,403,446,446,364,446,446,434,233,442,446,446,443,408,287,445,398,444,442,279,446,444,415,215,446,441,442,446,443,446,441,446,446,434,446,444,444,446,439,441,444,442,446,446,446,445,439,446,445,444,446,446,398,445,446,426,381,446,445,446,444,446,438,446,442,446,446,350,443,446,436,445,444,421,441,444,446,446,446,446,446,446,445,446,446,441,437,446,446,438,443,436,446,442,439,446,446,446,444,446,438,440,446,435,408,429,445,446,444,446,443,445,446,446,300,293,434,443,446,446,438,433,445,403,446,442,384,446,446,442,446,445,439,446,445,445,446,442,424,446,446,446,446,445,446,445,433,446,443,445,446
"1579",503,460,503,503,421,503,503,491,250,498,502,503,500,465,344,502,455,501,498,335,503,501,472,215,503,464,496,503,500,503,498,503,503,491,503,501,501,503,496,498,501,499,503,503,503,502,496,503,502,501,503,503,455,502,503,481,438,503,500,503,501,503,495,503,499,503,503,407,500,503,493,502,501,478,498,501,503,503,503,446,503,503,502,503,503,498,494,503,503,495,500,493,503,499,496,503,503,503,501,503,495,497,503,492,465,486,502,503,501,503,500,502,503,503,300,350,491,500,503,503,495,490,502,451,503,498,440,503,503,499,503,502,496,503,502,502,503,499,481,503,503,503,503,486,503,502,490,503,500,502,503
"1582",503,460,503,503,421,503,503,491,250,498,502,503,500,465,344,502,455,501,498,335,503,501,472,215,503,464,496,503,500,503,498,503,503,491,503,501,501,503,496,498,501,499,503,503,503,502,496,503,502,501,503,503,455,502,503,481,438,503,500,503,501,503,495,503,499,503,503,407,500,503,493,502,501,478,498,501,503,503,503,446,503,503,502,503,503,498,494,503,503,495,500,493,503,499,496,503,503,503,501,503,495,497,503,492,465,486,502,503,501,503,500,502,503,503,300,350,491,500,503,503,495,490,502,451,503,498,440,503,503,499,503,502,496,503,502,502,503,499,481,503,503,503,503,486,503,502,490,503,500,502,503
"1593",502,459,502,502,420,502,502,490,250,497,501,502,499,464,344,501,455,500,497,334,502,500,471,215,502,463,495,502,499,502,497,502,502,490,502,500,500,502,495,498,500,499,502,502,502,501,495,502,501,501,502,502,455,501,502,480,437,502,499,502,500,502,494,502,498,502,502,406,499,502,492,501,500,477,497,500,502,502,502,445,502,502,502,502,502,497,493,502,502,494,499,492,502,498,495,502,502,502,500,502,494,496,502,492,464,485,501,502,500,502,499,501,502,502,299,349,490,499,502,502,494,489,501,450,502,497,440,502,502,498,502,501,495,502,501,501,502,498,480,502,502,502,502,485,502,501,489,502,500,501,502
"16",503,460,503,503,421,503,503,491,250,498,502,503,500,465,344,502,455,501,498,335,503,501,472,215,503,464,496,503,500,503,498,503,503,491,503,501,501,503,496,498,501,499,503,503,503,502,496,503,502,501,503,503,455,502,503,481,438,503,500,503,501,503,495,503,499,503,503,407,500,503,493,502,501,478,498,501,503,503,503,446,503,503,502,503,503,498,494,503,503,495,500,493,503,499,496,503,503,503,501,503,495,497,503,492,465,486,502,503,501,503,500,502,503,503,300,350,491,500,503,503,495,490,502,451,503,498,440,503,503,499,503,502,496,503,502,502,503,499,481,503,503,503,503,486,503,502,490,503,500,502,503
"1602",503,460,503,503,421,503,503,491,250,498,502,503,500,465,344,502,455,501,498,335,503,501,472,215,503,464,496,503,500,503,498,503,503,491,503,501,501,503,496,498,501,499,503,503,503,502,496,503,502,501,503,503,455,502,503,481,438,503,500,503,501,503,495,503,499,503,503,407,500,503,493,502,501,478,498,501,503,503,503,446,503,503,502,503,503,498,494,503,503,495,500,493,503,499,496,503,503,503,501,503,495,497,503,492,465,486,502,503,501,503,500,502,503,503,300,350,491,500,503,503,495,490,502,451,503,498,440,503,503,499,503,502,496,503,502,502,503,499,481,503,503,503,503,486,503,502,490,503,500,502,503
"1604",498,455,498,498,416,498,498,486,250,493,497,498,495,460,344,497,455,496,493,330,498,496,467,215,498,459,491,498,495,498,493,498,498,486,498,496,496,498,491,493,496,494,498,498,498,497,491,498,497,496,498,498,455,497,498,476,433,498,495,498,496,498,490,498,494,498,498,402,495,498,488,497,496,473,493,496,498,498,498,441,498,498,497,498,498,498,489,498,498,490,495,489,498,494,491,498,498,498,496,498,490,492,498,487,460,481,497,498,496,498,495,497,498,498,295,345,486,495,498,498,490,485,497,446,498,493,440,498,498,494,498,497,491,498,497,497,498,494,476,498,498,498,498,481,498,497,485,498,495,497,498
"1661",494,451,494,494,414,494,494,482,248,489,493,494,491,463,335,493,446,492,489,326,494,492,463,206,494,455,487,494,491,494,489,494,494,482,494,492,492,494,494,489,492,490,494,494,494,493,494,494,493,492,494,494,446,493,494,479,429,494,491,494,492,494,486,494,490,494,494,398,491,494,484,493,492,469,489,492,494,494,494,437,494,494,493,494,494,489,494,494,494,486,491,484,494,490,494,494,494,494,492,494,486,488,494,483,463,477,493,494,492,494,491,493,494,494,293,350,482,491,494,494,486,481,493,442,494,489,433,494,494,490,494,493,487,494,493,493,494,490,472,494,494,494,494,477,494,493,481,494,491,493,494
"1675",503,460,503,503,421,503,503,491,250,498,502,503,500,465,344,502,455,501,498,335,503,501,472,215,503,464,496,503,500,503,498,503,503,491,503,501,501,503,496,498,501,499,503,503,503,502,496,503,502,501,503,503,455,502,503,481,438,503,500,503,501,503,495,503,499,503,503,407,500,503,493,502,501,478,498,501,503,503,503,446,503,503,502,503,503,498,494,503,503,495,500,493,503,499,496,503,503,503,501,503,495,497,503,492,465,486,502,503,501,503,500,502,503,503,300,350,491,500,503,503,495,490,502,451,503,498,440,503,503,499,503,502,496,503,502,502,503,499,481,503,503,503,503,486,503,502,490,503,500,502,503
"1692",503,460,503,503,421,503,503,491,250,498,502,503,500,465,344,502,455,501,498,335,503,501,472,215,503,464,496,503,500,503,498,503,503,491,503,501,501,503,496,498,501,499,503,503,503,502,496,503,502,501,503,503,455,502,503,481,438,503,500,503,501,503,495,503,499,503,503,407,500,503,493,502,501,478,498,501,503,503,503,446,503,503,502,503,503,498,494,503,503,495,500,493,503,499,496,503,503,503,501,503,495,497,503,492,465,486,502,503,501,503,500,502,503,503,300,350,491,500,503,503,495,490,502,451,503,498,440,503,503,499,503,502,496,503,502,502,503,499,481,503,503,503,503,486,503,502,490,503,500,502,503
"174",495,452,495,495,414,495,495,483,247,490,494,495,492,458,337,494,447,494,490,332,495,493,465,208,495,456,488,495,492,495,490,495,495,483,495,493,493,495,488,490,493,491,495,495,495,494,488,495,494,493,495,495,447,494,495,473,431,495,492,495,493,495,487,495,491,495,495,401,492,495,485,495,493,471,490,493,495,495,495,438,495,495,494,495,495,490,486,495,495,495,492,485,495,491,488,495,495,495,493,495,487,489,495,484,458,478,494,495,493,495,492,494,495,495,293,344,483,492,495,495,487,482,494,443,495,490,432,495,495,491,495,494,488,495,494,494,495,491,474,495,495,495,495,478,495,494,482,495,492,494,495
"176",500,458,500,500,420,500,500,488,249,495,499,500,497,464,341,499,452,498,495,332,500,498,471,212,500,461,493,500,497,500,495,500,500,488,500,498,498,500,493,495,498,496,500,500,500,499,493,500,499,498,500,500,452,499,500,478,437,500,497,500,498,500,492,500,496,500,500,404,497,500,490,499,498,477,495,498,500,500,500,443,500,500,499,500,500,495,491,500,500,492,500,490,500,496,493,500,500,500,498,500,492,494,500,489,464,483,499,500,498,500,497,500,500,500,297,348,488,497,500,500,492,488,499,448,500,495,438,500,500,496,500,499,493,500,499,499,500,496,478,500,500,500,500,483,500,499,487,500,497,499,500
"1780",493,450,493,493,411,493,493,481,250,488,492,493,490,455,336,492,447,491,488,327,493,491,462,207,493,454,486,493,490,493,488,493,493,481,493,491,491,493,486,488,491,489,493,493,493,492,486,493,492,491,493,493,447,492,493,471,434,493,490,493,491,493,485,493,491,493,493,397,490,493,484,492,491,468,488,491,493,493,493,436,493,493,492,493,493,489,484,493,493,485,490,493,493,489,486,493,493,493,491,493,493,487,493,482,455,476,492,493,491,493,490,492,493,493,296,348,481,493,493,493,492,488,492,441,493,488,432,493,493,489,493,492,486,493,492,492,493,489,471,493,493,493,493,476,493,492,480,493,490,492,493
"18",503,460,503,503,421,503,503,491,250,498,502,503,500,465,344,502,455,501,498,335,503,501,472,215,503,464,496,503,500,503,498,503,503,491,503,501,501,503,496,498,501,499,503,503,503,502,496,503,502,501,503,503,455,502,503,481,438,503,500,503,501,503,495,503,499,503,503,407,500,503,493,502,501,478,498,501,503,503,503,446,503,503,502,503,503,498,494,503,503,495,500,493,503,499,496,503,503,503,501,503,495,497,503,492,465,486,502,503,501,503,500,502,503,503,300,350,491,500,503,503,495,490,502,451,503,498,440,503,503,499,503,502,496,503,502,502,503,499,481,503,503,503,503,486,503,502,490,503,500,502,503
"1823",499,456,499,499,417,499,499,488,247,494,498,499,496,461,340,498,451,497,495,334,499,497,468,214,499,460,493,499,496,499,494,499,499,487,499,497,498,499,492,495,497,495,499,499,499,498,492,499,498,497,499,499,451,498,499,477,434,499,496,499,497,499,494,499,496,499,499,403,496,499,489,498,498,474,494,497,499,499,499,442,499,499,498,499,499,494,490,499,499,491,496,489,499,499,492,499,499,499,497,499,491,494,499,488,461,482,498,499,497,499,496,498,499,499,299,347,488,496,499,499,491,487,498,447,499,495,436,499,499,496,499,499,492,499,498,498,499,495,477,499,499,499,499,483,499,498,486,499,496,499,499
"184",496,453,496,496,414,496,496,484,250,491,495,496,493,465,337,495,448,494,491,328,496,494,465,208,496,457,489,496,493,496,491,496,496,484,496,494,494,496,496,491,494,492,496,496,496,495,496,496,495,494,496,496,448,495,496,481,431,496,493,496,494,496,488,496,492,496,496,400,493,496,486,495,494,471,491,494,496,496,496,439,496,496,495,496,496,491,494,496,496,488,493,486,496,492,496,496,496,496,494,496,488,490,496,485,465,479,495,496,494,496,493,495,496,496,293,350,484,493,496,496,488,483,495,444,496,491,433,496,496,492,496,495,489,496,495,495,496,492,474,496,496,496,496,479,496,495,483,496,493,495,496
"191",503,460,503,503,421,503,503,491,250,498,502,503,500,465,344,502,455,501,498,335,503,501,472,215,503,464,496,503,500,503,498,503,503,491,503,501,501,503,496,498,501,499,503,503,503,502,496,503,502,501,503,503,455,502,503,481,438,503,500,503,501,503,495,503,499,503,503,407,500,503,493,502,501,478,498,501,503,503,503,446,503,503,502,503,503,498,494,503,503,495,500,493,503,499,496,503,503,503,501,503,495,497,503,492,465,486,502,503,501,503,500,502,503,503,300,350,491,500,503,503,495,490,502,451,503,498,440,503,503,499,503,502,496,503,502,502,503,499,481,503,503,503,503,486,503,502,490,503,500,502,503
"205",503,460,503,503,421,503,503,491,250,498,502,503,500,465,344,502,455,501,498,335,503,501,472,215,503,464,496,503,500,503,498,503,503,491,503,501,501,503,496,498,501,499,503,503,503,502,496,503,502,501,503,503,455,502,503,481,438,503,500,503,501,503,495,503,499,503,503,407,500,503,493,502,501,478,498,501,503,503,503,446,503,503,502,503,503,498,494,503,503,495,500,493,503,499,496,503,503,503,501,503,495,497,503,492,465,486,502,503,501,503,500,502,503,503,300,350,491,500,503,503,495,490,502,451,503,498,440,503,503,499,503,502,496,503,502,502,503,499,481,503,503,503,503,486,503,502,490,503,500,502,503
"209",503,460,503,503,421,503,503,491,250,498,502,503,500,465,344,502,455,501,498,335,503,501,472,215,503,464,496,503,500,503,498,503,503,491,503,501,501,503,496,498,501,499,503,503,503,502,496,503,502,501,503,503,455,502,503,481,438,503,500,503,501,503,495,503,499,503,503,407,500,503,493,502,501,478,498,501,503,503,503,446,503,503,502,503,503,498,494,503,503,495,500,493,503,499,496,503,503,503,501,503,495,497,503,492,465,486,502,503,501,503,500,502,503,503,300,350,491,500,503,503,495,490,502,451,503,498,440,503,503,499,503,502,496,503,502,502,503,499,481,503,503,503,503,486,503,502,490,503,500,502,503
"2193",501,458,501,501,419,501,501,489,249,496,500,501,498,463,343,500,454,499,496,333,501,499,470,215,501,462,494,501,498,501,496,501,501,489,501,499,499,501,494,496,499,497,501,501,501,500,494,501,500,499,501,501,454,500,501,479,436,501,498,501,499,501,493,501,497,501,501,405,498,501,491,500,499,476,496,499,501,501,501,444,501,501,500,501,501,496,492,501,501,493,498,491,501,497,494,501,501,501,501,501,493,495,501,490,463,484,500,501,499,501,498,500,501,501,299,348,489,498,501,501,493,488,500,450,501,496,439,501,501,497,501,500,494,501,500,500,501,497,479,501,501,501,501,484,501,500,488,501,498,500,501
"22",503,460,503,503,421,503,503,491,250,498,502,503,500,465,344,502,455,501,498,335,503,501,472,215,503,464,496,503,500,503,498,503,503,491,503,501,501,503,496,498,501,499,503,503,503,502,496,503,502,501,503,503,455,502,503,481,438,503,500,503,501,503,495,503,499,503,503,407,500,503,493,502,501,478,498,501,503,503,503,446,503,503,502,503,503,498,494,503,503,495,500,493,503,499,496,503,503,503,501,503,495,497,503,492,465,486,502,503,501,503,500,502,503,503,300,350,491,500,503,503,495,490,502,451,503,498,440,503,503,499,503,502,496,503,502,502,503,499,481,503,503,503,503,486,503,502,490,503,500,502,503
"222",495,452,495,495,413,495,495,483,250,490,494,495,492,457,336,494,447,493,490,329,495,493,464,207,495,456,488,495,492,495,490,495,495,483,495,493,493,495,488,490,493,491,495,495,495,494,488,495,494,493,495,495,447,494,495,473,436,495,492,495,493,495,487,495,493,495,495,399,492,495,486,494,493,470,490,493,495,495,495,438,495,495,494,495,495,490,486,495,495,487,492,493,495,491,488,495,495,495,493,495,495,489,495,484,457,478,494,495,493,495,492,494,495,495,298,350,483,495,495,495,494,490,494,443,495,490,432,495,495,491,495,494,488,495,494,494,495,491,473,495,495,495,495,478,495,494,482,495,492,494,495
"233",497,455,497,497,417,497,497,486,250,492,496,497,494,461,339,496,449,495,492,330,497,495,468,210,497,458,490,497,494,497,492,497,497,485,497,495,497,497,490,494,496,493,497,497,497,496,490,497,496,495,497,497,449,496,497,475,435,497,494,497,495,497,489,497,494,497,497,402,494,497,488,496,497,474,492,495,497,497,497,440,497,497,496,497,497,492,488,497,497,489,494,487,497,494,490,497,497,497,495,497,489,497,497,486,461,480,496,497,495,497,494,496,497,497,294,347,487,494,497,497,489,485,496,445,497,492,434,497,497,493,497,497,490,497,496,496,497,493,476,497,497,497,497,481,497,496,484,497,494,497,497
"2372",503,460,503,503,421,503,503,491,250,498,502,503,500,465,344,502,455,501,498,335,503,501,472,215,503,464,496,503,500,503,498,503,503,491,503,501,501,503,496,498,501,499,503,503,503,502,496,503,502,501,503,503,455,502,503,481,438,503,500,503,501,503,495,503,499,503,503,407,500,503,493,502,501,478,498,501,503,503,503,446,503,503,502,503,503,498,494,503,503,495,500,493,503,499,496,503,503,503,501,503,495,497,503,492,465,486,502,503,501,503,500,502,503,503,300,350,491,500,503,503,495,490,502,451,503,498,440,503,503,499,503,502,496,503,502,502,503,499,481,503,503,503,503,486,503,502,490,503,500,502,503
"2411",492,449,492,492,410,492,492,480,240,487,491,492,489,454,344,491,445,490,487,325,492,490,461,215,492,453,485,492,489,492,487,492,492,480,492,490,490,492,485,488,490,489,492,492,492,491,485,492,491,491,492,492,445,491,492,470,427,492,489,492,490,492,484,492,488,492,492,396,489,492,483,491,490,467,487,490,492,492,492,435,492,492,492,492,492,487,483,492,492,484,489,482,492,488,485,492,492,492,490,492,484,486,492,492,454,475,491,492,490,492,489,491,492,492,289,339,480,489,492,492,484,479,491,440,492,487,430,492,492,488,492,491,485,492,491,492,492,488,470,492,492,492,492,475,492,491,479,492,492,491,492
"2542",465,422,465,465,411,465,465,453,243,460,464,465,463,465,306,464,417,463,460,297,465,465,465,177,465,426,458,465,462,465,460,465,465,453,465,463,463,465,465,460,463,461,465,465,465,464,465,465,464,463,465,465,417,464,465,450,431,465,462,465,463,465,457,465,461,465,465,369,465,465,455,464,463,465,460,463,465,465,465,408,465,465,464,465,465,460,463,465,465,458,464,455,465,461,465,465,465,465,463,465,457,461,465,454,465,448,464,465,463,465,462,465,465,465,262,319,453,462,465,465,457,452,464,413,465,460,403,465,465,461,465,464,458,465,464,464,465,461,443,465,465,465,465,448,465,464,452,465,462,464,465
"2546",486,443,486,486,404,486,486,480,233,481,485,486,483,448,333,485,438,484,481,335,486,484,455,215,486,447,479,486,483,486,483,486,486,485,486,484,484,486,479,481,484,482,486,486,486,485,479,486,485,484,486,486,438,485,486,466,427,486,483,486,484,486,478,486,482,486,486,396,483,486,476,485,484,461,481,484,486,486,486,429,486,486,485,486,486,481,477,486,486,478,483,476,486,482,479,486,486,486,484,486,478,480,486,475,448,486,485,486,484,486,483,485,486,486,300,333,474,483,486,486,478,473,485,434,486,481,427,486,486,482,486,485,479,486,485,485,486,482,464,486,486,486,486,469,486,485,473,486,483,485,486
"2680",502,459,502,502,420,502,502,490,249,497,501,502,499,464,344,501,454,500,497,335,502,500,471,215,502,463,495,502,499,502,497,502,502,490,502,500,500,502,495,497,500,498,502,502,502,501,495,502,501,500,502,502,454,501,502,480,437,502,499,502,500,502,494,502,498,502,502,406,499,502,492,501,500,477,497,500,502,502,502,445,502,502,501,502,502,497,493,502,502,494,499,492,502,498,495,502,502,502,500,502,494,496,502,491,464,485,502,502,500,502,499,501,502,502,299,349,491,499,502,502,494,489,501,450,502,497,439,502,502,498,502,501,495,502,501,501,502,498,480,502,502,502,502,485,502,501,489,502,499,501,502
"2726",503,460,503,503,421,503,503,491,250,498,502,503,500,465,344,502,455,501,498,335,503,501,472,215,503,464,496,503,500,503,498,503,503,491,503,501,501,503,496,498,501,499,503,503,503,502,496,503,502,501,503,503,455,502,503,481,438,503,500,503,501,503,495,503,499,503,503,407,500,503,493,502,501,478,498,501,503,503,503,446,503,503,502,503,503,498,494,503,503,495,500,493,503,499,496,503,503,503,501,503,495,497,503,492,465,486,502,503,501,503,500,502,503,503,300,350,491,500,503,503,495,490,502,451,503,498,440,503,503,499,503,502,496,503,502,502,503,499,481,503,503,503,503,486,503,502,490,503,500,502,503
"273",501,460,501,501,419,501,501,489,250,496,500,501,498,463,342,500,453,499,496,333,501,499,470,213,501,462,494,501,498,501,496,501,501,489,501,499,499,501,494,496,499,497,501,501,501,500,494,501,500,499,501,501,453,500,501,479,436,501,499,501,499,501,493,501,497,501,501,405,498,501,491,500,499,476,496,499,501,501,501,444,501,501,500,501,501,496,492,501,501,493,498,491,501,497,494,501,501,501,499,501,493,495,501,490,463,484,500,501,501,501,498,500,501,501,298,350,489,498,501,501,493,488,500,449,501,496,438,501,501,497,501,500,494,501,500,500,501,497,479,501,501,501,501,484,501,500,488,501,498,500,501
"2737",503,460,503,503,421,503,503,491,250,498,502,503,500,465,344,502,455,501,498,335,503,501,472,215,503,464,496,503,500,503,498,503,503,491,503,501,501,503,496,498,501,499,503,503,503,502,496,503,502,501,503,503,455,502,503,481,438,503,500,503,501,503,495,503,499,503,503,407,500,503,493,502,501,478,498,501,503,503,503,446,503,503,502,503,503,498,494,503,503,495,500,493,503,499,496,503,503,503,501,503,495,497,503,492,465,486,502,503,501,503,500,502,503,503,300,350,491,500,503,503,495,490,502,451,503,498,440,503,503,499,503,502,496,503,502,502,503,499,481,503,503,503,503,486,503,502,490,503,500,502,503
"2766",500,457,500,500,418,500,500,488,247,495,499,500,497,462,341,499,452,498,495,334,500,498,469,215,500,463,493,500,497,500,495,500,500,488,500,499,498,500,493,495,498,496,500,500,500,499,493,500,499,498,500,500,452,499,500,478,435,500,497,500,498,500,492,500,496,500,500,404,497,500,490,499,498,475,495,498,500,500,500,443,500,500,499,500,500,495,491,500,500,492,497,490,500,496,493,500,500,500,498,500,492,494,500,489,462,483,499,500,498,500,500,499,500,500,300,347,488,497,500,500,492,487,499,448,500,495,437,500,500,496,500,499,493,500,499,499,500,496,478,500,500,500,500,483,500,499,487,500,497,499,500
"2786",502,459,502,502,421,502,502,490,250,497,501,502,499,465,343,501,454,500,497,334,502,500,472,214,502,463,495,502,499,502,497,502,502,490,502,500,500,502,495,497,500,498,502,502,502,501,495,502,501,500,502,502,454,501,502,480,438,502,499,502,500,502,494,502,498,502,502,406,499,502,492,501,500,478,497,500,502,502,502,445,502,502,501,502,502,497,493,502,502,494,500,492,502,498,495,502,502,502,500,502,494,496,502,491,465,485,501,502,500,502,499,502,502,502,299,349,490,499,502,502,494,489,501,450,502,497,439,502,502,498,502,501,495,502,501,501,502,498,480,502,502,502,502,485,502,501,489,502,499,501,502
"28",503,460,503,503,421,503,503,491,250,498,502,503,500,465,344,502,455,501,498,335,503,501,472,215,503,464,496,503,500,503,498,503,503,491,503,501,501,503,496,498,501,499,503,503,503,502,496,503,502,501,503,503,455,502,503,481,438,503,500,503,501,503,495,503,499,503,503,407,500,503,493,502,501,478,498,501,503,503,503,446,503,503,502,503,503,498,494,503,503,495,500,493,503,499,496,503,503,503,501,503,495,497,503,492,465,486,502,503,501,503,500,502,503,503,300,350,491,500,503,503,495,490,502,451,503,498,440,503,503,499,503,502,496,503,502,502,503,499,481,503,503,503,503,486,503,502,490,503,500,502,503
"3",503,460,503,503,421,503,503,491,250,498,502,503,500,465,344,502,455,501,498,335,503,501,472,215,503,464,496,503,500,503,498,503,503,491,503,501,501,503,496,498,501,499,503,503,503,502,496,503,502,501,503,503,455,502,503,481,438,503,500,503,501,503,495,503,499,503,503,407,500,503,493,502,501,478,498,501,503,503,503,446,503,503,502,503,503,498,494,503,503,495,500,493,503,499,496,503,503,503,501,503,495,497,503,492,465,486,502,503,501,503,500,502,503,503,300,350,491,500,503,503,495,490,502,451,503,498,440,503,503,499,503,502,496,503,502,502,503,499,481,503,503,503,503,486,503,502,490,503,500,502,503
"31",300,257,300,300,270,300,300,299,99,297,300,300,297,262,147,299,252,300,300,180,300,298,269,148,300,300,300,300,297,300,297,300,300,300,300,299,298,300,293,296,298,299,300,300,300,299,293,300,299,298,300,300,252,299,300,284,251,300,299,300,298,300,299,300,296,300,300,216,297,300,290,299,298,275,300,299,300,300,300,300,300,300,299,300,300,295,293,300,300,293,297,296,300,299,293,300,300,300,299,300,298,294,300,289,262,300,299,300,298,300,300,299,300,300,300,210,288,300,300,300,299,293,299,299,300,300,244,300,300,300,300,299,293,300,299,299,300,296,282,300,300,300,300,299,300,299,287,300,297,299,300
"33",350,332,350,350,322,350,350,339,176,345,349,350,348,319,213,350,312,349,345,195,350,348,319,83,350,311,343,350,347,350,346,350,350,338,350,349,350,350,350,348,350,349,350,350,350,349,350,350,349,349,350,350,312,349,350,337,291,350,348,350,348,350,342,350,349,350,350,269,347,350,341,349,350,325,345,350,350,350,350,293,350,350,349,350,350,345,350,350,350,344,348,348,350,347,350,350,350,350,348,350,350,347,350,339,319,333,349,350,350,350,347,349,350,350,210,350,342,350,350,350,349,349,349,299,350,345,307,350,350,346,350,350,344,350,349,349,350,346,328,350,350,350,350,334,350,349,337,350,347,350,350
"346",491,448,491,491,409,491,491,480,249,486,490,491,488,453,338,490,448,489,486,326,491,489,460,209,491,452,484,491,488,491,486,491,491,479,491,489,491,491,484,488,489,487,491,491,491,490,484,491,491,489,491,491,448,490,491,469,426,491,488,491,489,491,483,491,488,491,491,396,488,491,481,490,491,466,486,489,491,491,491,434,491,491,490,491,491,486,482,491,491,483,488,481,491,488,484,491,491,491,489,491,483,487,491,480,453,474,491,491,489,491,488,490,491,491,288,342,491,488,491,491,483,479,490,439,491,486,432,491,491,487,491,491,484,491,490,490,491,488,469,491,491,491,491,475,491,490,478,491,488,491,491
"348",500,457,500,500,418,500,500,488,250,495,499,500,497,462,341,499,452,498,495,333,500,498,469,212,500,461,493,500,497,500,495,500,500,488,500,498,498,500,493,495,498,496,500,500,500,499,493,500,499,498,500,500,452,499,500,478,438,500,497,500,498,500,492,500,496,500,500,404,497,500,490,499,498,475,495,498,500,500,500,443,500,500,499,500,500,495,491,500,500,492,497,493,500,496,493,500,500,500,498,500,495,494,500,489,462,483,499,500,498,500,497,499,500,500,300,350,488,500,500,500,495,490,499,448,500,495,437,500,500,496,500,499,493,500,499,499,500,496,478,500,500,500,500,483,500,499,487,500,497,499,500
"35",503,460,503,503,421,503,503,491,250,498,502,503,500,465,344,502,455,501,498,335,503,501,472,215,503,464,496,503,500,503,498,503,503,491,503,501,501,503,496,498,501,499,503,503,503,502,496,503,502,501,503,503,455,502,503,481,438,503,500,503,501,503,495,503,499,503,503,407,500,503,493,502,501,478,498,501,503,503,503,446,503,503,502,503,503,498,494,503,503,495,500,493,503,499,496,503,503,503,501,503,495,497,503,492,465,486,502,503,501,503,500,502,503,503,300,350,491,500,503,503,495,490,502,451,503,498,440,503,503,499,503,502,496,503,502,502,503,499,481,503,503,503,503,486,503,502,490,503,500,502,503
"372",503,460,503,503,421,503,503,491,250,498,502,503,500,465,344,502,455,501,498,335,503,501,472,215,503,464,496,503,500,503,498,503,503,491,503,501,501,503,496,498,501,499,503,503,503,502,496,503,502,501,503,503,455,502,503,481,438,503,500,503,501,503,495,503,499,503,503,407,500,503,493,502,501,478,498,501,503,503,503,446,503,503,502,503,503,498,494,503,503,495,500,493,503,499,496,503,503,503,501,503,495,497,503,492,465,486,502,503,501,503,500,502,503,503,300,350,491,500,503,503,495,490,502,451,503,498,440,503,503,499,503,502,496,503,502,502,503,499,481,503,503,503,503,486,503,502,490,503,500,502,503
"4",495,452,495,495,413,495,495,483,250,490,494,495,492,457,336,494,447,493,490,330,495,493,464,208,495,456,488,495,492,495,490,495,495,483,495,493,493,495,488,490,493,491,495,495,495,494,488,495,494,493,495,495,447,494,495,473,436,495,492,495,493,495,487,495,492,495,495,399,492,495,485,494,493,470,490,493,495,495,495,438,495,495,494,495,495,490,486,495,495,487,492,492,495,491,488,495,495,495,493,495,494,489,495,484,457,478,494,495,493,495,492,494,495,495,299,349,483,495,495,495,495,489,494,444,495,490,432,495,495,491,495,494,488,495,494,494,495,491,473,495,495,495,495,478,495,494,482,495,492,494,495
"427",490,450,490,490,408,490,490,479,249,485,489,490,487,452,332,489,442,488,485,325,490,488,459,203,490,451,483,490,487,490,485,490,490,478,490,488,489,490,483,486,488,486,490,490,490,489,483,490,489,488,490,490,442,489,490,468,431,490,487,490,488,490,482,490,489,490,490,395,487,490,481,489,489,465,485,488,490,490,490,433,490,490,489,490,490,485,481,490,490,482,488,488,490,487,483,490,490,490,488,490,490,485,490,479,452,473,489,490,488,490,487,489,490,490,293,349,479,490,490,490,489,490,489,438,490,485,430,490,490,486,490,490,483,490,489,489,490,486,468,490,490,490,490,474,490,489,477,490,487,490,490
"517",502,460,502,502,420,502,502,490,250,497,501,502,499,464,344,501,454,500,497,335,502,500,471,215,502,463,495,502,499,502,497,502,502,490,502,500,500,502,495,497,500,498,502,502,502,501,495,502,501,500,502,502,454,501,502,480,438,502,499,502,500,502,494,502,498,502,502,407,499,502,492,501,500,477,497,500,502,502,502,445,502,502,501,502,502,497,493,502,502,494,499,492,502,498,495,502,502,502,500,502,494,496,502,491,464,485,501,502,500,502,499,501,502,502,299,349,490,499,502,502,494,489,502,450,502,497,439,502,502,498,502,501,495,502,501,501,502,498,481,502,502,502,502,485,502,501,490,502,499,501,502
"543",451,408,451,451,369,451,451,440,203,447,450,451,448,413,292,450,403,450,446,292,451,449,420,214,451,414,444,451,448,451,446,451,451,439,451,449,449,451,444,447,450,447,451,451,451,450,444,451,450,449,451,451,403,450,451,430,386,451,449,451,449,451,443,451,447,451,451,357,448,451,441,450,449,426,451,449,451,451,451,403,451,451,450,451,451,446,442,451,451,443,448,441,451,447,444,451,451,451,450,451,443,445,451,440,413,434,450,451,449,451,448,450,451,451,299,299,439,448,451,451,444,438,450,451,451,447,388,451,451,447,451,450,444,451,450,450,451,447,429,451,451,451,451,434,451,450,438,451,448,450,451
"555",503,460,503,503,421,503,503,491,250,498,502,503,500,465,344,502,455,501,498,335,503,501,472,215,503,464,496,503,500,503,498,503,503,491,503,501,501,503,496,498,501,499,503,503,503,502,496,503,502,501,503,503,455,502,503,481,438,503,500,503,501,503,495,503,499,503,503,407,500,503,493,502,501,478,498,501,503,503,503,446,503,503,502,503,503,498,494,503,503,495,500,493,503,499,496,503,503,503,501,503,495,497,503,492,465,486,502,503,501,503,500,502,503,503,300,350,491,500,503,503,495,490,502,451,503,498,440,503,503,499,503,502,496,503,502,502,503,499,481,503,503,503,503,486,503,502,490,503,500,502,503
"565",498,455,498,498,416,498,498,486,245,493,497,498,495,460,339,497,450,496,497,334,498,496,467,215,498,459,495,498,495,498,493,498,498,486,498,496,496,498,491,493,496,494,498,498,498,497,491,498,497,496,498,498,450,497,498,476,433,498,495,498,496,498,491,498,494,498,498,402,495,498,488,497,496,473,493,496,498,498,498,442,498,498,497,498,498,493,489,498,498,490,495,488,498,495,491,498,498,498,496,498,490,492,498,487,460,481,497,498,496,498,495,497,498,498,300,345,486,495,498,498,490,485,497,447,498,498,435,498,498,498,498,497,491,498,497,497,498,494,476,498,498,498,498,481,498,497,485,498,495,497,498
"579",440,407,440,440,361,440,440,429,241,435,439,440,437,403,328,439,434,438,436,280,440,438,410,203,440,401,433,440,438,440,435,440,440,431,440,438,438,440,433,436,438,437,440,440,440,440,433,440,439,439,440,440,434,439,440,421,378,440,437,440,438,440,432,440,436,440,440,349,437,440,430,439,438,415,435,438,440,440,440,384,440,440,440,440,440,440,433,440,440,432,438,432,440,436,433,440,440,440,439,440,432,434,440,430,403,427,439,440,438,440,437,439,440,440,244,307,432,437,440,440,432,430,439,388,440,435,440,440,440,436,440,439,440,440,439,439,440,439,419,440,440,440,440,423,440,439,428,440,438,439,440
"61",503,460,503,503,421,503,503,491,250,498,502,503,500,465,344,502,455,501,498,335,503,501,472,215,503,464,496,503,500,503,498,503,503,491,503,501,501,503,496,498,501,499,503,503,503,502,496,503,502,501,503,503,455,502,503,481,438,503,500,503,501,503,495,503,499,503,503,407,500,503,493,502,501,478,498,501,503,503,503,446,503,503,502,503,503,498,494,503,503,495,500,493,503,499,496,503,503,503,501,503,495,497,503,492,465,486,502,503,501,503,500,502,503,503,300,350,491,500,503,503,495,490,502,451,503,498,440,503,503,499,503,502,496,503,502,502,503,499,481,503,503,503,503,486,503,502,490,503,500,502,503
"69",503,460,503,503,421,503,503,491,250,498,502,503,500,465,344,502,455,501,498,335,503,501,472,215,503,464,496,503,500,503,498,503,503,491,503,501,501,503,496,498,501,499,503,503,503,502,496,503,502,501,503,503,455,502,503,481,438,503,500,503,501,503,495,503,499,503,503,407,500,503,493,502,501,478,498,501,503,503,503,446,503,503,502,503,503,498,494,503,503,495,500,493,503,499,496,503,503,503,501,503,495,497,503,492,465,486,502,503,501,503,500,502,503,503,300,350,491,500,503,503,495,490,502,451,503,498,440,503,503,499,503,502,496,503,502,502,503,499,481,503,503,503,503,486,503,502,490,503,500,502,503
"700",499,456,499,499,417,499,499,487,246,494,498,499,496,461,340,498,451,497,498,335,499,497,468,215,499,460,496,499,496,499,494,499,499,487,499,497,497,499,492,494,497,495,499,499,499,498,492,499,498,497,499,499,451,498,499,477,434,499,496,499,497,499,492,499,495,499,499,403,496,499,489,498,497,474,494,497,499,499,499,442,499,499,498,499,499,494,490,499,499,491,496,489,499,496,492,499,499,499,497,499,491,493,499,488,461,482,498,499,497,499,496,498,499,499,300,346,487,496,499,499,491,486,498,447,499,498,436,499,499,499,499,498,492,499,498,498,499,495,477,499,499,499,499,482,499,498,486,499,496,498,499
"713",503,460,503,503,421,503,503,491,250,498,502,503,500,465,344,502,455,501,498,335,503,501,472,215,503,464,496,503,500,503,498,503,503,491,503,501,501,503,496,498,501,499,503,503,503,502,496,503,502,501,503,503,455,502,503,481,438,503,500,503,501,503,495,503,499,503,503,407,500,503,493,502,501,478,498,501,503,503,503,446,503,503,502,503,503,498,494,503,503,495,500,493,503,499,496,503,503,503,501,503,495,497,503,492,465,486,502,503,501,503,500,502,503,503,300,350,491,500,503,503,495,490,502,451,503,498,440,503,503,499,503,502,496,503,502,502,503,499,481,503,503,503,503,486,503,502,490,503,500,502,503
"732",502,459,502,502,420,502,502,491,250,497,501,502,499,464,343,501,454,500,497,334,502,500,471,214,502,463,495,502,499,502,497,502,502,490,502,500,501,502,495,498,500,498,502,502,502,501,495,502,501,500,502,502,454,501,502,480,437,502,499,502,500,502,494,502,499,502,502,406,499,502,492,501,501,477,497,500,502,502,502,445,502,502,501,502,502,497,493,502,502,494,499,492,502,499,495,502,502,502,500,502,494,497,502,491,464,485,501,502,500,502,499,501,502,502,299,350,491,499,502,502,494,490,501,450,502,497,439,502,502,498,502,502,495,502,501,501,502,498,480,502,502,502,502,486,502,501,489,502,499,502,502
"740",496,453,496,496,414,496,496,484,250,491,495,496,493,458,344,495,455,494,491,328,496,494,465,215,496,457,489,496,493,496,491,496,496,484,496,494,494,496,489,491,494,492,496,496,496,495,489,496,495,494,496,496,455,495,496,474,431,496,493,496,494,496,488,496,492,496,496,400,493,496,486,495,494,471,491,494,496,496,496,439,496,496,495,496,496,491,487,496,496,488,493,486,496,492,489,496,496,496,494,496,488,490,496,485,458,479,495,496,494,496,493,495,496,496,293,344,484,493,496,496,488,483,495,444,496,491,440,496,496,492,496,495,496,496,495,495,496,492,474,496,496,496,496,479,496,495,483,496,493,495,496
"752",503,460,503,503,421,503,503,491,250,498,502,503,500,465,344,502,455,501,498,335,503,501,472,215,503,464,496,503,500,503,498,503,503,491,503,501,501,503,496,498,501,499,503,503,503,502,496,503,502,501,503,503,455,502,503,481,438,503,500,503,501,503,495,503,499,503,503,407,500,503,493,502,501,478,498,501,503,503,503,446,503,503,502,503,503,498,494,503,503,495,500,493,503,499,496,503,503,503,501,503,495,497,503,492,465,486,502,503,501,503,500,502,503,503,300,350,491,500,503,503,495,490,502,451,503,498,440,503,503,499,503,502,496,503,502,502,503,499,481,503,503,503,503,486,503,502,490,503,500,502,503
"788",502,459,502,502,420,502,502,490,249,497,501,502,499,464,344,501,454,500,497,335,502,500,471,215,502,463,495,502,499,502,497,502,502,490,502,500,500,502,495,497,500,498,502,502,502,501,495,502,501,500,502,502,454,501,502,480,437,502,499,502,500,502,494,502,498,502,502,407,499,502,492,501,500,477,497,500,502,502,502,445,502,502,501,502,502,497,493,502,502,494,499,492,502,498,495,502,502,502,500,502,494,496,502,491,464,485,501,502,500,502,499,501,502,502,299,349,490,499,502,502,494,489,501,450,502,497,439,502,502,498,502,501,495,502,502,501,502,498,480,502,502,502,502,485,502,501,489,502,499,501,502
"79",502,459,502,502,420,502,502,490,249,497,501,502,499,464,344,501,454,500,497,335,502,500,471,215,502,463,495,502,499,502,497,502,502,490,502,500,500,502,495,497,500,498,502,502,502,501,495,502,501,500,502,502,454,501,502,480,437,502,499,502,500,502,494,502,498,502,502,406,499,502,492,501,500,477,497,500,502,502,502,445,502,502,501,502,502,497,493,502,502,494,499,492,502,498,495,502,502,502,500,502,494,496,502,492,464,485,501,502,500,502,499,501,502,502,299,349,490,499,502,502,494,489,501,450,502,497,439,502,502,498,502,501,495,502,501,502,502,498,480,502,502,502,502,485,502,501,489,502,499,501,502
"791",503,460,503,503,421,503,503,491,250,498,502,503,500,465,344,502,455,501,498,335,503,501,472,215,503,464,496,503,500,503,498,503,503,491,503,501,501,503,496,498,501,499,503,503,503,502,496,503,502,501,503,503,455,502,503,481,438,503,500,503,501,503,495,503,499,503,503,407,500,503,493,502,501,478,498,501,503,503,503,446,503,503,502,503,503,498,494,503,503,495,500,493,503,499,496,503,503,503,501,503,495,497,503,492,465,486,502,503,501,503,500,502,503,503,300,350,491,500,503,503,495,490,502,451,503,498,440,503,503,499,503,502,496,503,502,502,503,499,481,503,503,503,503,486,503,502,490,503,500,502,503
"792",499,456,499,499,417,499,499,487,249,494,498,499,496,461,344,498,454,497,494,332,499,497,468,215,499,460,492,499,496,499,494,499,499,487,499,497,497,499,492,494,497,495,499,499,499,498,492,499,498,497,499,499,454,498,499,477,434,499,496,499,497,499,491,499,495,499,499,404,496,499,489,498,497,474,494,497,499,499,499,442,499,499,498,499,499,494,490,499,499,491,496,489,499,495,492,499,499,499,497,499,491,493,499,488,461,482,498,499,497,499,496,498,499,499,296,346,488,496,499,499,491,486,498,447,499,494,439,499,499,495,499,498,492,499,498,498,499,499,477,499,499,499,499,482,499,498,486,499,496,498,499
"807",481,454,481,481,399,481,481,473,250,476,480,481,478,443,338,480,433,479,476,329,481,479,450,209,481,442,474,481,478,481,476,481,481,469,481,479,479,481,474,476,479,477,481,481,481,481,474,481,480,479,481,481,433,480,481,459,436,481,478,481,479,481,478,481,477,481,481,403,478,481,477,480,479,456,476,479,481,481,481,424,481,481,480,481,481,476,472,481,481,474,478,471,481,477,474,481,481,481,479,481,473,476,481,470,443,464,480,481,479,481,478,480,481,481,282,328,469,478,481,481,473,468,481,429,481,476,419,481,481,477,481,480,474,481,480,480,481,477,481,481,481,481,481,464,481,480,481,481,478,480,481
"826",503,460,503,503,421,503,503,491,250,498,502,503,500,465,344,502,455,501,498,335,503,501,472,215,503,464,496,503,500,503,498,503,503,491,503,501,501,503,496,498,501,499,503,503,503,502,496,503,502,501,503,503,455,502,503,481,438,503,500,503,501,503,495,503,499,503,503,407,500,503,493,502,501,478,498,501,503,503,503,446,503,503,502,503,503,498,494,503,503,495,500,493,503,499,496,503,503,503,501,503,495,497,503,492,465,486,502,503,501,503,500,502,503,503,300,350,491,500,503,503,495,490,502,451,503,498,440,503,503,499,503,502,496,503,502,502,503,499,481,503,503,503,503,486,503,502,490,503,500,502,503
"827",503,460,503,503,421,503,503,491,250,498,502,503,500,465,344,502,455,501,498,335,503,501,472,215,503,464,496,503,500,503,498,503,503,491,503,501,501,503,496,498,501,499,503,503,503,502,496,503,502,501,503,503,455,502,503,481,438,503,500,503,501,503,495,503,499,503,503,407,500,503,493,502,501,478,498,501,503,503,503,446,503,503,502,503,503,498,494,503,503,495,500,493,503,499,496,503,503,503,501,503,495,497,503,492,465,486,502,503,501,503,500,502,503,503,300,350,491,500,503,503,495,490,502,451,503,498,440,503,503,499,503,502,496,503,502,502,503,499,481,503,503,503,503,486,503,502,490,503,500,502,503
"828",503,460,503,503,421,503,503,491,250,498,502,503,500,465,344,502,455,501,498,335,503,501,472,215,503,464,496,503,500,503,498,503,503,491,503,501,501,503,496,498,501,499,503,503,503,502,496,503,502,501,503,503,455,502,503,481,438,503,500,503,501,503,495,503,499,503,503,407,500,503,493,502,501,478,498,501,503,503,503,446,503,503,502,503,503,498,494,503,503,495,500,493,503,499,496,503,503,503,501,503,495,497,503,492,465,486,502,503,501,503,500,502,503,503,300,350,491,500,503,503,495,490,502,451,503,498,440,503,503,499,503,502,496,503,502,502,503,499,481,503,503,503,503,486,503,502,490,503,500,502,503
"829",503,460,503,503,421,503,503,491,250,498,502,503,500,465,344,502,455,501,498,335,503,501,472,215,503,464,496,503,500,503,498,503,503,491,503,501,501,503,496,498,501,499,503,503,503,502,496,503,502,501,503,503,455,502,503,481,438,503,500,503,501,503,495,503,499,503,503,407,500,503,493,502,501,478,498,501,503,503,503,446,503,503,502,503,503,498,494,503,503,495,500,493,503,499,496,503,503,503,501,503,495,497,503,492,465,486,502,503,501,503,500,502,503,503,300,350,491,500,503,503,495,490,502,451,503,498,440,503,503,499,503,502,496,503,502,502,503,499,481,503,503,503,503,486,503,502,490,503,500,502,503
"851",486,443,486,486,404,486,486,475,240,482,485,486,483,448,327,485,438,484,481,319,486,484,455,214,486,463,479,486,483,486,481,486,486,474,486,484,485,486,479,482,484,482,486,486,486,485,479,486,485,484,486,486,438,485,486,465,421,486,483,486,484,486,478,486,483,486,486,390,483,486,476,485,485,461,481,484,486,486,486,445,486,486,485,486,486,481,477,486,486,478,483,476,486,483,479,486,486,486,484,486,478,481,486,475,448,469,485,486,484,486,483,485,486,486,299,334,475,483,486,486,478,474,485,434,486,481,423,486,486,482,486,486,479,486,485,485,486,482,464,486,486,486,486,486,486,485,473,486,483,486,486
"863",503,460,503,503,421,503,503,491,250,498,502,503,500,465,344,502,455,501,498,335,503,501,472,215,503,464,496,503,500,503,498,503,503,491,503,501,501,503,496,498,501,499,503,503,503,502,496,503,502,501,503,503,455,502,503,481,438,503,500,503,501,503,495,503,499,503,503,407,500,503,493,502,501,478,498,501,503,503,503,446,503,503,502,503,503,498,494,503,503,495,500,493,503,499,496,503,503,503,501,503,495,497,503,492,465,486,502,503,501,503,500,502,503,503,300,350,491,500,503,503,495,490,502,451,503,498,440,503,503,499,503,502,496,503,502,502,503,499,481,503,503,503,503,486,503,502,490,503,500,502,503
"892",502,459,502,502,420,502,502,490,250,497,501,502,499,464,343,501,454,500,497,334,502,500,471,214,502,463,495,502,499,502,497,502,502,490,502,500,500,502,495,497,500,498,502,502,502,501,495,502,501,500,502,502,454,501,502,480,437,502,499,502,500,502,494,502,498,502,502,406,499,502,492,501,500,477,497,500,502,502,502,445,502,502,501,502,502,497,493,502,502,494,499,492,502,498,495,502,502,502,500,502,494,496,502,491,464,485,501,502,500,502,499,501,502,502,299,349,490,499,502,502,494,489,501,450,502,497,439,502,502,498,502,501,495,502,501,501,502,498,480,502,502,502,502,485,502,502,489,502,499,501,502
"954",490,460,490,490,408,490,490,478,250,485,489,490,487,452,344,489,442,488,485,335,490,488,459,215,490,451,483,490,487,490,485,490,490,478,490,488,488,490,483,485,488,486,490,490,490,490,483,490,489,488,490,490,442,489,490,468,438,490,487,490,488,490,482,490,486,490,490,407,487,490,483,489,488,465,485,488,490,490,490,433,490,490,489,490,490,485,481,490,490,482,487,480,490,486,483,490,490,490,488,490,482,484,490,479,452,473,489,490,488,490,487,489,490,490,287,337,478,487,490,490,482,477,490,438,490,485,428,490,490,486,490,489,483,490,489,489,490,486,481,490,490,490,490,473,490,489,490,490,487,489,490
"968",503,460,503,503,421,503,503,491,250,498,502,503,500,465,344,502,455,501,498,335,503,501,472,215,503,464,496,503,500,503,498,503,503,491,503,501,501,503,496,498,501,499,503,503,503,502,496,503,502,501,503,503,455,502,503,481,438,503,500,503,501,503,495,503,499,503,503,407,500,503,493,502,501,478,498,501,503,503,503,446,503,503,502,503,503,498,494,503,503,495,500,493,503,499,496,503,503,503,501,503,495,497,503,492,465,486,502,503,501,503,500,502,503,503,300,350,491,500,503,503,495,490,502,451,503,498,440,503,503,499,503,502,496,503,502,502,503,499,481,503,503,503,503,486,503,502,490,503,500,502,503
"979",500,457,500,500,418,500,500,488,248,495,499,500,497,462,344,499,453,498,495,332,500,498,469,215,500,461,493,500,497,500,495,500,500,488,500,498,498,500,493,496,498,497,500,500,500,499,493,500,499,499,500,500,453,499,500,478,435,500,497,500,498,500,492,500,496,500,500,404,497,500,490,499,498,475,495,498,500,500,500,443,500,500,500,500,500,495,491,500,500,492,497,490,500,496,493,500,500,500,498,500,492,494,500,492,462,483,499,500,498,500,497,499,500,500,297,347,488,497,500,500,492,487,499,448,500,495,438,500,500,496,500,499,493,500,499,499,500,496,478,500,500,500,500,483,500,499,487,500,500,499,500
"983",502,459,502,502,420,502,502,491,250,497,501,502,499,464,343,501,454,500,497,334,502,500,471,214,502,463,495,502,499,502,497,502,502,490,502,500,501,502,495,498,500,498,502,502,502,501,495,502,501,500,502,502,454,501,502,480,437,502,499,502,500,502,494,502,499,502,502,406,499,502,492,501,501,477,497,500,502,502,502,445,502,502,501,502,502,497,493,502,502,494,499,492,502,499,495,502,502,502,500,502,494,497,502,491,464,485,501,502,500,502,499,501,502,502,299,350,491,499,502,502,494,490,501,450,502,497,439,502,502,498,502,502,495,502,501,501,502,498,480,502,502,502,502,486,502,501,489,502,499,502,502
"A",503,460,503,503,421,503,503,491,250,498,502,503,500,465,344,502,455,501,498,335,503,501,472,215,503,464,496,503,500,503,498,503,503,491,503,501,501,503,496,498,501,499,503,503,503,502,496,503,502,501,503,503,455,502,503,481,438,503,500,503,501,503,495,503,499,503,503,407,500,503,493,502,501,478,498,501,503,503,503,446,503,503,502,503,503,498,494,503,503,495,500,493,503,499,496,503,503,503,501,503,495,497,503,492,465,486,502,503,501,503,500,502,503,503,300,350,491,500,503,503,495,490,502,451,503,498,440,503,503,499,503,502,496,503,502,502,503,499,481,503,503,503,503,486,503,502,490,503,500,502,503
